BIC;Name
AACSDE33;SPARKASSE AACHEN
AARBDE5W;AAREAL BANK AG
ABCADEFF;ABC INTERNATIONAL BANK PLC, ZWEIGNIEDERLASSUNG FRANKFURT AM MAIN
ABGRDEFF;PIRAEUS BANK SA (FRANKFURT BRANCH),EX AGRICULTURALBANK OF GREECE SA
ABKBDEB1;ALLGEMEINE BEAMTEN KASSE KREDITBANK AG
ABOCDEFF;AGRICULTURAL BANK OF CHINA FRANKFURT BRANCH
AGBMDEMM;AIRBUS GROUP BANK GMBH
AKBADES1;AKTIVBANK AKTIENGESELLSCHAFT
AKBCDE31;SANTANDER CONSUMER BANK AG (FORMERLY AKB BANK AG)
AKBKDEFF;AKBANK AG
AKFBDE31;AKF BANK GMBH AND CO KG
ALTEDEFA;ALTE LEIPZIGER BAUSPAR AG
ANHODE77PAY;BANKHAUS ANTON HAFNER KG
ANHODE77XXX;BANKHAUS ANTON HAFNER KG
ARABDEFF;EUROPE ARAB BANK PLC
AUDFDE21;AUDI BANK ZWEIGNIEDERLASSUNG DER VOLKSWAGEN BANK GMBH
AUGBDE71NET;AUGSBURGER AKTIENBANK AG
AUGBDE77;AUGSBURGER AKTIENBANK AG
AUGSDE77;STADTSPARKASSE AUGSBURG
AUSKDEFF;AKA AUSFUHRKREDIT-GESELLSCHAFT MBH
AUZDDEM1;AUTOBANK AG-ZWEIGNIEDERLASSUNG DEUTSCHLAND
AXABDE31;AXA BANK AG
BAERDEF1;BANK JULIUS BEAR EUROPE AG
BANVDEHB;OLDENBURGISCHE LANDESBANK AG
BARCDEFF;BARCLAYS BANK PLC - FRANKFURT BRANCH
BARCDEHA;BARCLAYCARD BARCLAYS BANK PLC
BBKRDE6B;KREISSPARKASSE BOEBLINGEN
BBSPDE6K;DEUTSCHE BAUSPARKASSE BADENIA AKTIENGESELLSCHAFT
BBVADEFF;BANCO BILBAO VIZCAYA ARGENTARIA SA.
BCITDEFF;INTESA SANPAOLO S.P.A.-FRANKFURT
BCLSDE21;BANKHAUS C.L. SEELIGER KG
BCLSDE22;BANKHAUS C.L. SEELIGER
BCMADEFF;ATTIJARIWAFA BANK EUROPE GERMANY
BDWBDEMM;BAADER BANK AG
BEGODEHH;JOH. BERENBERG,GOSSLER UND CO.KG
BELADEBE;BERLINER SPARKASSE - LANDESBANK BERLIN AG
BEVODEBB;BERLINER VOLKSBANK EG
BFOMDE51;BANK FUER ORDEN UND MISSION
BFSWDE33;BANK FUER SOZIALWIRTSCHAFT AG
BFWODE71;BFW-BANK FUER WOHNUNGSWIRTSCHAFT
BHBADES1;BANKHAUS BAUER AG
BHFBDEFF;ODDO BHF AKTIENGESELLSCHAFT
BHLSDEMM;BANKHAUS LUDWIG SPERRER KG
BHLSDEM1;BANKHAUS LUDWIG SPERRER KG
BHWBDE2H;BHW BAUSPARKASSE
BHYPDEB1;BERLIN HYP AG
BHYPDEB2;BERLIN HYP AG
BILADE55;KREISSPARKASSE BIRKENFELD (BIRKENFELDER LANDESBANK)
BIWBDE33;FLATEX BANK AG
BIWBDE33XXX;FLATEX BANK AG
BIWBDE33303;FLATEX BANK AG
BIWBDE33760;FLATEX BANK AG
BKCHDEFF;BANK OF CHINA
BKMADE61;BANKHAUS E. MAYER AKTIENGESELLSCHAFT
BKMZDE51;BAUSPARKASSE MAINZ AKTIENGESELLSCHAFT
BMWBDEMU;BMW BANK GMBH
BMWBDEM1;BMW BANK GMBH
BNPADEFF;BNP PARIBAS S.A. NIEDERLASSUNG FRANKFURT AM MAIN
BNYMDEF1;BANK OF NEW YORK MELLON SA/NV
BOFADEFX;BANK OF AMERICA, N.A.
BOFSDEB1;LLOYDS BANK GMBH
BOFSDEF1;LLOYDS BANK GMBH
BOTKDEDX;MUFG BANK (EUROPE) N.V. GERMANY BRANCH
BOURDEFF;COMDIRECT BANK AG UND GF ONVISTA BANK
BPKODEFF;PKO BANK POLSKI S.A. NIEDERLASSUNG DEUTSCHLAND
BPNDDE52;BANQUE PSA FINANCE S.A. NIEDERLASSUNG DEUTSCHLAND
BRASDEFF;BANCO DO BRASIL S.A.
BRLADE21ANO;SPARKASSE AURICH-NORDEN
BRLADE21BRK;WESER-ELBE SPARKASSE
BRLADE21BRS;WESER-ELBE SPARKASSE
BRLADE21CUX;STADTSPARKASSE CUXHAVEN
BRLADE21DHZ;KREISSPARKASSE GRAFSCHAFT DIEPHOLZ
BRLADE21EMD;STADTSPARKASSE EMDEN
BRLADE21LER;SPARKASSE LEERWITTMUND
BRLADE21LZO;LANDESSPARKASSE ZU OLDENBURG
BRLADE21OHZ;KREISSPARKASSE OSTERHOLZ
BRLADE21ROB;SPARKASSE ROTENBURG OSTERHOLZ
BRLADE21SHL;ZWECKVERBANDSSPARKASSE SCHEESSEL
BRLADE21SYK;KREISSPARKASSE SYKE
BRLADE21VER;KREISSPARKASSE VERDEN
BRLADE21WHV;SPARKASSE DER STADT WILHELMSHAVEN
BRLADE21WTM;SPARKASSE LEERWITTMUND (FORMERLY KREISSPARKASSE WITTMUND)
BRLADE22;NORDDEUTSCHE LANDESBANK - GIROZENTRALE
BRUSDE66;SPARKASSE KRAICHGAU BRUCHSAL-BRETTEN-SINSHEIM
BSCHDEFF;BANCO SANTANDER S.A.
BSHADE71;BANK SCHILLING AND CO AKTIENGESELLSCHAFT
BSUIDEFF;CREDIT AGRICOLE CIB
BTVADE61;BANK FUER TIROL UND VORARLBERG AKTIENGESELLSCHAFT, ZWEIGNIEDERLASSUNG
BVDHDEMM;BANKHAUS VON DER HEYDT GMBH UND CO. KG
BVWBDE2W;NET-M PRIVATBANK 1891 AG
BYLADEMM;BAYERISCHE LANDESBANK, MUENCHEN
BYLADEM1ABG;SPARKASSE AMBERG-SULZBACH
BYLADEM1AIC;SPARKASSE AICHACH - SCHROBENHAUSEN
BYLADEM1ALG;SPARKASSE ALLGAEU
BYLADEM1ALR;SPARKASSE ALLGAEU IN RIEZLERN
BYLADEM1ANS;SPARKASSE ANSBACH
BYLADEM1AOE;KREISSPARKASSE ALTOETTING (ALT)
BYLADEM1ASA;SPARKASSE ASCHAFFENBURG - ALZENAU
BYLADEM1AUG;KREISSPARKASSE AUGSBURG
BYLADEM1BGL;SPARKASSE BERCHTESGADENER LAND
BYLADEM1CHM;SPARKASSE IM LANDKREIS CHAM
BYLADEM1COB;SPARKASSE COBURG-LICHTENFELS
BYLADEM1DAH;SPARKASSE DACHAU
BYLADEM1DEG;SPARKASSE DEGGENDORF
BYLADEM1DKB;SPARKASSE ANSBACH
BYLADEM1DLG;SPARKASSE DILLINGEN-NOERDLINGEN
BYLADEM1DON;SPARKASSE DONAUWOERTH
BYLADEM1EBE;KREISSPARKASSE MUENCHEN STARNBERG EBERSBERG
BYLADEM1EGF;SPARKASSE ROTTAL-INN
BYLADEM1EIS;SPARKASSE INGOLSTADT EICHSTAETT
BYLADEM1ERD;KREIS- UND STADTSPARKASSE ERDING - DORFEN
BYLADEM1ERH;STADT-UND KREISSPARKASSE ERLANGEN HOECHSTADT HERZOGENAURACH
BYLADEM1ESB;VEREINIGTE SPARKASSEN ESCHENBACH - NEUSTADT - VOHENSTRAUSS
BYLADEM1FFB;SPARKASSE FUERSTENFELDBRUCK
BYLADEM1FIG;SPARKASSE HOCHFRANKEN (ALT)
BYLADEM1FOR;SPARKASSE FORCHHEIM
BYLADEM1FRG;SPARKASSE FREYUNG - GRAFENAU
BYLADEM1FSI;SPARKASSE FREISING
BYLADEM1GAP;KREISSPARKASSE GARMISCH - PARTENKIRCHEN
BYLADEM1GUN;VEREINIGTE SPARKASSE GUNZENHAUSEN
BYLADEM1GZK;SPARKASSE GUENZBURG-KRUMBACH
BYLADEM1HAS;SPARKASSE SCHWEINFURT-HASSBERGE
BYLADEM1HOF;SPARKASSE HOCHFRANKEN
BYLADEM1HOS;STADT-UND KREISSPARKASSE ERLANGEN HOECHSTADT HERZOGENAURACH
BYLADEM1ING;SPARKASSE INGOLSTADT EICHSTAETT
BYLADEM1KEH;KREISSPARKASSE KELHEIM
BYLADEM1KFB;KREIS- UND STADTSPARKASSE KAUFBEUREN
BYLADEM1KIS;SPARKASSE BAD KISSINGEN
BYLADEM1KMS;KREISSPARKASSE MUENCHEN STARNBERG EBERSBERG
BYLADEM1KSW;SPARKASSE SCHWEINFURT-HASSBERGE
BYLADEM1KUB;SPARKASSE KULMBACH-KRONACH
BYLADEM1LAH;SPARKASSE LANDSHUT
BYLADEM1LLD;SPARKASSE LANDSBERG-DIESSEN
BYLADEM1MDF;SPARKASSE ALTOETTING-MUEHLDORF
BYLADEM1MIB;KREISSPARKASSE MIESBACH-TEGERNSEE
BYLADEM1MIL;SPARKASSE MILTENBERG-OBERNBURG
BYLADEM1MLM;SPARKASSE MEMMINGEN-LINDAU-MINDELHEIM
BYLADEM1MSB;STADT- UND KREISSPARKASSE MOOSBURG
BYLADEM1NEA;SPARKASSE IM LANDKREIS NEUSTADT - BAD WINDSHEIM
BYLADEM1NEB;SPARKASSE NEUBURG-RAIN
BYLADEM1NES;SPARKASSE BAD NEUSTADT
BYLADEM1NLG;SPARKASSE DILLINGEN-NOERDLINGEN
BYLADEM1NMA;SPARKASSE NEUMARKT - PARSBERG
BYLADEM1NUL;SPARKASSE NEU-ULM-ILLERTISSEN
BYLADEM1PAF;SPARKASSE PFAFFENHOFEN
BYLADEM1PAS;SPARKASSE PASSAU
BYLADEM1RBG;SPARKASSE REGENSBURG
BYLADEM1REG;SPARKASSE REGEN - VIECHTACH
BYLADEM1ROS;SPARKASSE ROSENHEIM-BAD AIBLING
BYLADEM1ROT;SPARKASSE ANSBACH
BYLADEM1SAD;SPARKASSE IM LANDKREIS SCHWANDORF
BYLADEM1SBT;SPARKASSE BAYREUTH
BYLADEM1SFU;SPARKASSE FUERTH
BYLADEM1SKB;SPARKASSE BAMBERG
BYLADEM1SOG;SPARKASSE OBERLAND
BYLADEM1SRG;SPARKASSE NIEDERBAYERN-MITTE
BYLADEM1SRS;SPARKASSE MITTELFRANKEN SUED
BYLADEM1SSH;SPARKASSE AICHACH - SCHROBENHAUSEN (ALT)
BYLADEM1SSW;STAEDTISCHE SPARKASSE SCHWEINFURT
BYLADEM1SWU;SPARKASSE MAINFRANKEN WUERZBURG
BYLADEM1TIR;SPARKASSE OBERPFALZ NORD
BYLADEM1TST;KREISSPARKASSE TRAUNSTEIN - TROSTBERG
BYLADEM1WEN;SPARKASSE OBERPFALZ NORD
BYLADEM1WHM;SPARKASSE OBERLAND
BYLADEM1WOR;SPARKASSE BAD TOELZ-WOLFRATSHAUSEN
BYLADEM1WSB;KREIS- UND STADTSPARKASSE WASSERBURG
BYLADEM1001;DEUTSCHE KREDIT BANK A.G. BERLIN
BYLADE77;BAYERISCHE LANDESBANK,NUERNBERG BRANCH
CAIXDEFF;CAIXABANK, S.A., ZWEIGNIEDERLASSUNG DEUTSCHLAND
CBSRDE71;CB BANK GMBH
CCBADE31;SANTANDER CONSUMER BANK
CHASDEFX;J.P.MORGAN AG
CHDBDEHH;DONNER AND REUSCHEL AKTIENGESELLSCHAFT
CHEKDE81;SPARKASSE CHEMNITZ
CITIDEFF;CITIGROUP GLOBAL MARKETS DEUTSCHLAND AG
CKVHDE21;CALENBERGER KREDITVEREIN CALENBERG-GOETTINGEN-GRUBENHAGEN-HILDESHEIM'S
CMCIDEDD;TARGOBANK AG
CMCIDEFF;BANQUE FEDERATIVE DU CREDIT MUTUEL (BFCM)
CMCIDEF1;BANQUE EUROPEENNE DU CREDIT MUTUEL
COBADEBB;COMMERZBANK AG
COBADEDD;COMMERZBANK AG
COBADEDH;COMMERZBANK AG, WUPPERTAL (ZW.117)
COBADEFF;COMMERZBANK AG
COBADEF1;COMMERZBANK AG
COBADEHD;COMDIRECT BANK AG
COBADEHH;COMMERZBANK AG
COKSDE33;KREISSPARKASSE KOELN
COLSDE33;SPARKASSE KOELNBONN (FORMER STADTSPARKASSE KOELN)
COMMDEFF;BANK OF COMMUNICATIONS CO. LTD FRANKFURT BRANCH
CPLADE55;TARGOBANK AG (FACTORINGGESCHAEFT)
CPLUDES1;CREDITPLUS BANK AKTIENGESELLSCHAFT
CRESDE55;CREDIT SUISSE (DEUTSCHLAND) AG
CSDBDE71;BNP PARIBAS S.A. NIEDERLASSUNG DEUTSCHLAND
CUABDED1;BANK11DIREKT GMBH
DAAEDEDD;DEUTSCHE APOTHEKER- UND AERZTEBANK
DAAEDED1002;DEUTSCHE APOTHEKER- UND AERZTEBANK
DAAEDED1003;DEUTSCHE APOTHEKER- UND AERZTEBANK
DAAEDED1004;DEUTSCHE APOTHEKER- UND AERZTEBANK
DAAEDED1005;DEUTSCHE APOTHEKER- UND AERZTEBANK
DAAEDED1006;DEUTSCHE APOTHEKER- UND AERZTEBANK
DAAEDED1007;DEUTSCHE APOTHEKER- UND AERZTEBANK
DAAEDED1008;DEUTSCHE APOTHEKER- UND AERZTEBANK
DAAEDED1009;DEUTSCHE APOTHEKER- UND AERZTEBANK
DAAEDED1010;DEUTSCHE APOTHEKER- UND AERZTEBANK
DAAEDED1011;DEUTSCHE APOTHEKER- UND AERZTEBANK
DAAEDED1012;DEUTSCHE APOTHEKER- UND AERZTEBANK
DAAEDED1013;DEUTSCHE APOTHEKER- UND AERZTEBANK
DAAEDED1014;DEUTSCHE APOTHEKER- UND AERZTEBANK
DAAEDED1015;DEUTSCHE APOTHEKER- UND AERZTEBANK
DAAEDED1016;DEUTSCHE APOTHEKER- UND AERZTEBANK
DAAEDED1017;DEUTSCHE APOTHEKER- UND AERZTEBANK
DAAEDED1018;DEUTSCHE APOTHEKER- UND AERZTEBANK
DAAEDED1019;DEUTSCHE APOTHEKER- UND AERZTEBANK
DAAEDED1020;DEUTSCHE APOTHEKER- UND AERZTEBANK
DAAEDED1021;DEUTSCHE APOTHEKER- UND AERZTEBANK
DAAEDED1022;DEUTSCHE APOTHEKER- UND AERZTEBANK
DAAEDED1023;DEUTSCHE APOTHEKER- UND AERZTEBANK
DAAEDED1024;DEUTSCHE APOTHEKER- UND AERZTEBANK
DAAEDED1025;DEUTSCHE APOTHEKER- UND AERZTEBANK
DAAEDED1026;DEUTSCHE APOTHEKER- UND AERZTEBANK
DAAEDED1027;DEUTSCHE APOTHEKER- UND AERZTEBANK
DAAEDED1028;DEUTSCHE APOTHEKER- UND AERZTEBANK
DAAEDED1029;DEUTSCHE APOTHEKER- UND AERZTEBANK
DAAEDED1030;DEUTSCHE APOTHEKER- UND AERZTEBANK
DAAEDED1031;DEUTSCHE APOTHEKER- UND AERZTEBANK
DAAEDED1032;DEUTSCHE APOTHEKER- UND AERZTEBANK
DAAEDED1033;DEUTSCHE APOTHEKER- UND AERZTEBANK
DAAEDED1034;DEUTSCHE APOTHEKER- UND AERZTEBANK
DAAEDED1035;DEUTSCHE APOTHEKER- UND AERZTEBANK
DAAEDED1036;DEUTSCHE APOTHEKER- UND AERZTEBANK
DAAEDED1037;DEUTSCHE APOTHEKER- UND AERZTEBANK
DAAEDED1040;DEUTSCHE APOTHEKER- UND AERZTEBANK
DAAEDED1041;DEUTSCHE APOTHEKER- UND AERZTEBANK
DAAEDED1042;DEUTSCHE APOTHEKER- UND AERZTEBANK
DAAEDED1043;DEUTSCHE APOTHEKER- UND AERZTEBANK
DAAEDED1044;DEUTSCHE APOTHEKER- UND AERZTEBANK
DAAEDED1045;DEUTSCHE APOTHEKER- UND AERZTEBANK
DAAEDED1046;DEUTSCHE APOTHEKER- UND AERZTEBANK
DAAEDED1048;DEUTSCHE APOTHEKER- UND AERZTEBANK
DAAEDED1049;DEUTSCHE APOTHEKER- UND AERZTEBANK
DAAEDED1050;DEUTSCHE APOTHEKER- UND AERZTEBANK
DABADEHH;DANSKE BANK
DABBDEMM;BNP PARIBAS S.A. NIEDERLASSUNG DEUTSCHLAND
DEBKDE51;DEBEKA BAUSPARKASSE AG
DEGUDEFF;DEGUSSA BANK GMBH
DEHYDE2H;DEUTSCHE HYPOTHEKENBANK AG
DEKTDE7G;DEUTSCHE HANDELSBANK AG
DEKTDE71;DEUTSCHE HANDELSBANK AG
DELBDE33;BETHMANN BANK AG
DEPDDEMM;VZ DEPOTBANK DEUTSCHLAND
DEUTDEBB;DEUTSCHE BANK AG
DEUTDEBR;DEUTSCHE BANK AG
DEUTDEDB;DB PRIVAT- UND FIRMENKUNDENBANK AG (DB PGK AG)
DEUTDEDD;DEUTSCHE BANK AG
DEUTDEDE;DEUTSCHE BANK AG
DEUTDEDK;DEUTSCHE BANK AG
DEUTDEDW;DEUTSCHE BANK AG
DEUTDEFF;DEUTSCHE BANK AG
DEUTDEHB;DEUTSCHE BANK AG
DEUTDEHH;DEUTSCHE BANK AG
DEUTDEMM;DEUTSCHE BANK AG
DEUTDESM;DEUTSCHE BANK AG
DEUTDESS;DEUTSCHE BANK AG
DEUTDE2H;DEUTSCHE BANK AG
DEUTDE3B;DEUTSCHE BANK AG
DEUTDE5M;DEUTSCHE BANK AG
DEUTDE5X;DEUTSCHE BANK EUROPE GMBH
DEUTDE6F;DEUTSCHE BANK AG
DEUTDE8C;DEUTSCHE BANK AG
DEUTDE8E;DEUTSCHE BANK AG
DEUTDE8L;DEUTSCHE BANK AG
DEUTDE8M;DEUTSCHE BANK AG
DGHYDEH1;DZ HYP AG
DGPBDE3M;VERBUNDVOLKSBANK OWL EG
DGZFDEFF;DEKABANK DEUTSCHE GIROZENTRALE FRANKFURT
DHBNDEDD;DEMIR HALK BANK NV GERMANY
DLFGDE51;DEUTSCHE LEASING FINANCE GMBH
DLGHDEB1;EUROCITY BANK AG
DNBADEHX;DNB BANK ASA, FILIALE DEUTSCHLAND
DOBADEF1;VTB BANK (EUROPE) SE
DORTDE33;SPARKASSE DORTMUND
DRBKDEH1;start:bausparkasse AG
DRESDEFF;COMMERZBANK AG (FORMERLY DRESDNER BANK AG)
DTABDED1;KFW
DUISDE33;SPARKASSE DUISBURG
DUSSDEDD;STADTSPARKASSE DUESSELDORF
DVKBDEFF;DVB BANK SE
DXIADEBB;LANDESBANK HESSEN-THUERINGEN GIROZENTRALE
DXIADEB2COV;LANDESBANK HESSEN-THUERINGEN GIROZENTRALE
DZBMDEF1;DZB BANK GMBH
EBSGDEMX;EUROPEAN BANK FOR FINANCIAL SERVICES GMBH (EBASE)
ECBKDE21;AUTO EUROPA BANK GMBH
EDEKDEHH;EDEKABANK AG
EIEGDEB1;EIS EINLAGENSICHERUNGSBANK GMBH
EIHBDEHH;EUROPAEISCH-IRANISCHE HANDELSBANK AG
ELGEDES1;BANKHAUS ELLWANGER AND GEIGER KG
ERFBDE8E;ERFURTER BANK EG
ESBKDEFF;DenizBank Aktiengesellschaft
ESSEDEFF;SEB AG SEB MERCHANT BANKING
ESSEDE5F;DSK HYP AG
ESSLDE66;KREISSPARKASSE ESSLINGEN-NUERTINGEN
ETRIDE31;ETRIS BANK
FAITDE66;BANKHAUS J. FAISST OHG
FBGADEF1;FRANKFURTER BANKGESELLSCHAFT AG
FBHLDEFF;CREDIT EUROPE BANK N.V. NIEDERLASSUNG DEUTSCHLAND
FDBADE3K;FORD BANK, NIEDERLASSUNG DER FCE BANK PLC
FDBADE8F;FORD BANK GMBH
FDDODEMM;FIDOR BANK AG
FFBKDEFFKRN;FIL FONDSBANK GMBH
FFBKDEFFTHK;FIL FONDSBANK GMBH
FFVBDEFF;FRANKFURTER VOLKSBANK EG
FLESDEMM;BANKHAUS MAX FLESSA KG
FLGMDE77;BANKHAUS OBOTRITIA GMBH
FMBKDEMM;CACEIS BANK DEUTSCHLAND GMBH
FODBDE77;FONDSDEPOT BANK GMBH, HOF (SAALE)
FORTDEH4;OLDENBURGISCHE LANDESBANK AG
FRSDDEF1;FRANKFURTER SPARKASSE GF 1822DIREKT
FRSPDE66;SPARKASSE FREIBURG-NOERDLICHER BREISGAU
FTSBDEFA;ABN AMRO BANK N.V.GERMAN BRANCH(FORMELY KNOWN AS FORTIS BANK (NEDERLAN
FUBKDE71;FUERST FUGGER PRIVATBANK AKTIENGESELLSCHAFT
FUCEDE77;FUERSTLICH CASTELL'SCHE BANK CREDIT-CASSE AG
GABLDE71;GABLER-SALITER BANKGESCHAEFT AG
GAKDDEM1;ST. GALLER KANTONALBANK DEUTSCHLAND AG
GEBADE33;BNP PARIBAS FORTIS SA/NV NIEDERLASSUNG DEUTSCHLAND
GENODEDD;DZ BANK AG DUESSELDORF
GENODED1AAC;AACHENER BANK EG
GENODED1AAS;VOLKSBANK AACHEN SUED EG
GENODED1AEG;SPAR- UND DARLEHNSKASSE AEGIDIENBERG EG
GENODED1AEZ;VOLKSBANK IM WESERTAL EG
GENODED1AHO;SPAR-UND DARLEHNSKASSE HOENGEN EG
GENODED1ALD;RAIFFEISENBANK EG
GENODED1ASN;RAIFFEISENBANK NEUSTADT EG
GENODED1BBE;BANK IM BISTUM ESSEN EG
GENODED1BGL;BENSBERGER BANK EG
GENODED1BIT;VOLKSBANK EIFEL EG
GENODED1BNA;VOLKSBANK RHEINAHREIFEL EG
GENODED1BPU;RAIFFEISENBANK ZELLER LAND EG
GENODED1BRH;VOLKSBANK RHEIN-ERFT KOELN EG
GENODED1BRL;BRUHLER BANK EG
GENODED1BRS;VOLKSBANK KOELN BONN EG
GENODED1CGN;KOELNER BANK
GENODED1CVW;VOLKSBANK IM BERGISCHEN LAND EG
GENODED1DHK;VOLKSBANK DUENNWALD-HOLWEIDE EG
GENODED1DKD;BANK FUER KIRCHE UND DIAKONIE EG-KD-BANK
GENODED1DLK;VOLKSBANK DINSLAKEN EG
GENODED1DNE;VOLKSBANK DUESSELDORF NEUSS EG
GENODED1DUE;VOLKSBANK DUEREN EG
GENODED1EGY;RAIFFEISENBANK GYMNICH EG
GENODED1EHE;VOLKSBANK ERKELENZ EG
GENODED1EMR;VOLKSBANK EMMERICH-REES EG
GENODED1ERE;VOLKSBANK ERFT EG
GENODED1ERF;RAIFFEISENBANK ERFTSTADT EG
GENODED1EVB;VOLKSBANK EUSKIRCHEN EG
GENODED1FFS;FFS BANK GMBH
GENODED1FHH;VOLKSBANK RHEIN-ERFT KOELN EG
GENODED1FIN;RAIFFEISENBANK 'NAHE' EG
GENODED1FKH;RAIFFEISENBANK FISCHENICH-KENDENICH EG
GENODED1GBM;GLADBACHER BANK AG VON 1922
GENODED1GBS;VOLKSBANK GEBHARDSHAIN EG
GENODED1GDL;VOLKSBANK AN DER NIERS EG
GENODED1GKK;VOLKSBANK GEMUEND-KALL EG
GENODED1GLK;RAIFFEISENBANK EG
GENODED1GRB;RAIFFEISENBANK GREVENBROICH
GENODED1GRO;RAIFFEISENBANK GRAFSCHAFT-WACHTBERG EG
GENODED1HAW;VOLKSBANK HAAREN EG
GENODED1HBO;VR-BANK BONN EG
GENODED1HCK;VR-BANK RUR-WURM EG
GENODED1HER;VOLKSBANK HERMESKEIL
GENODED1HMB;VOLKSBANK HEIMBACH EG
GENODED1HNB;HEINSBERGER VOLKSBANK
GENODED1HRB;VOLKSBANK HEINSBERG EG
GENODED1HTK;VOLKSBANK KREFELD EG
GENODED1HWM;VOLKSBANK HOCHWALD-SAARBURG EG
GENODED1IMM;VR-BANK RUR-WURM EG
GENODED1IRR;RAIFFEISENBANK IRREL EG
GENODED1JUK;RAIFFEISENBANK JUNKERSDORF EG
GENODED1KAA;RAIFFEISENBANK KAARST EG
GENODED1KAI;RAIFFEISENBANK EIFELTOR EG
GENODED1KBN;VOLKSBANK BRUEGGEN-NETTETAL EG, ZNDL DER VOLKSBANKKREFELD EG
GENODED1KDB;BANK FUER KIRCHE UND DIAKONIE EG-KD-BANK GF SONDER-BLZ
GENODED1KDD;BANK FUER KIRCHE UND DIAKONIE EG-KD-BANK GF SONDER-BLZ
GENODED1KDM;BANK FUER KIRCHE UND DIAKONIE EG-KD-BANK GF SONDER-BLZ
GENODED1KEH;RAIFFEISENBANK KEHRIG EG
GENODED1KHK;VOLKSBANK HUNSRUECK-NAHE EG
GENODED1KHO;RAIFFEISENBANK VON 1895 EG
GENODED1KLL;VOLKSBANK KLEVERLAND EG
GENODED1KMP;VOLKSBANK KEMPEN-GREFRATH EG
GENODED1KNL;VOLKSBANK KOELN-NORD EG
GENODED1KSL;RAIFFEISENBANK KASTELLAUN EG
GENODED1LOE;RAIFFEISENBANK ERKELENZ EG
GENODED1LUH;RAIFFEISENBANK EIFELTOR EG
GENODED1MBA;VR-BANK HUNSRUECK-MOSEL EG
GENODED1MBU;VOLKSBANK MEERBUSCH
GENODED1MKA;VOLKSBANK MUELHEIM-KAERLICH EG
GENODED1MLW;RAIFFEISENBANK MEHRING-LEIWEN EG
GENODED1MNH;RAIFFEISENBANK RHEIN-BERG EG
GENODED1MOK;RAIFFEISENBANK MOSELKRAMPEN EG
GENODED1MPO;VR BANK RHEIN-MOSEL EG
GENODED1MRB;VOLKSBANK MOENCHENGLADBACH EG
GENODED1MRW;RAIFFEISENBANK MITTELRHEIN EG
GENODED1MUC;RAIFFEISENBANK MUCH-RUPPICHTEROTH EG
GENODED1NBL;RAIFFEISENBANK NEUERBURG-LAND EG
GENODED1NFB;RAIFFEISENBANK EG
GENODED1NKR;VOLKSBANK SCHWALMTAL EG
GENODED1NLD;VR-BANK EG
GENODED1NRH;VOLKSBANK NIEDERRHEIN EG
GENODED1NSS;VOLKSBANK DUESSELDORF NEUSS
GENODED1NWD;VR-BANK NEUWIED-LINZ EG
GENODED1OSE;RAIFFEISENBANK OESTLICHE SUEDEIFEL EG
GENODED1PAF;VR-BANK EG BERGISCH GLADBACH-LEVERKUSEN
GENODED1PAX;PAX-BANK EG
GENODED1PA1;PAX-BANK EG
GENODED1PA2;PAX-BANK EG
GENODED1PA3;PAX-BANK EG
GENODED1PA4;PAX-BANK EG
GENODED1PA5;PAX-BANK EG
GENODED1PA6;PAX-BANK EG
GENODED1PA7;PAX-BANK EG, GF MHD
GENODED1PRU;VOLKSBANK EIFEL MITTE EG
GENODED1RBC;RAIFFEISENBANK VOREIFEL EG
GENODED1RBO;VOLKSBANK RHEINBOELLEN EG
GENODED1RKI;RITTERSCHAFTLICHES KREDITINSTITUT
GENODED1RKO;VOLKSBANK BERG EG
GENODED1RLW;VOLKSBANK RHEIN-LIPPE EG
GENODED1RSC;RAIFFEISEN-BANK ESCHWEILER EG
GENODED1RST;VR-BANK RHEIN-SIEG EG
GENODED1RWL;VR-BANK EG BERGISCH GLADBACH-LEVERKUSEN
GENODED1SAM;RAIFFEISENBANK SANKT AUGUSTIN EG
GENODED1SEG;RAIFFEISENBANK EG HEINSBERG
GENODED1SLE;VR-BANK NORDEIFEL EG
GENODED1SMR;RAIFFEISENBANK EG
GENODED1SPE;SPARDA-BANK WEST EG
GENODED1SPK;SPARDA-BANK WEST EG
GENODED1SPW;SPARDA-BANK WEST EG
GENODED1SRB;VOLKSBANK SAARBURG EG
GENODED1SRH;RAIFFEISENBANK STRASSENHAUS EG
GENODED1STB;STEYLER BANK
GENODED1TVB;VOLKSBANK TRIER EG
GENODED1UMO;RAIFFEISENBANK UNTERMOSEL EG
GENODED1VRR;VOLKSBANK RHEIN-RUHR EG
GENODED1VSN;VOLKSBANK VIERSEN EG
GENODED1WIL;VOLKSBANK OBERBERG EG
GENODED1WLG;RAIFFEISENBANK WELLING EG
GENODED1WND;ROSBACHER RAIFFEISENBANK EG
GENODED1WPF;VOLKSBANK WIPPERFUERTH-LINDLAR EG
GENODED1WSC;RAIFFEISENBANK WESTEIFEL EG
GENODED1WSL;RAIFFEISENBANK WESSELING EG
GENODED1WTL;VEREINIGTE VOLKSBANK RAIFFEISENBANK EG
GENODED1WUR;VR-BANK EG
GENODED1WVI;VOLKSBANK WACHTBERG EG
GENODEFF;DZ BANK AG DEUTSCHE ZENTRAL GENOSSENSCHAFTSBANK
GENODEF1ABS;RAIFFEISENBANK KREIS KELHEIM EG
GENODEF1AB1;RAIFFEISEN-VOLKSBANK ASCHAFFENBURG EG
GENODEF1AB2;RAIFFEISEN-VOLKSBANK ASCHAFFENBURG EG
GENODEF1ADE;VOLKSBANK EG ADELEBSEN
GENODEF1ADZ;RAIFFEISENBANK ADELZHAUSEN EG
GENODEF1AGE;RAIFFEISENBANK ANGER EG
GENODEF1AIB;RAIFFEISENBANK MANGFALLTAL EG
GENODEF1AIG;RAIFFEISENBANK AIGLSBACH EG
GENODEF1AIL;RAIFFEISENBANK AINDLING EG
GENODEF1AIT;RAIFFEISENBANK AITRANG-RUDERATSHOFEN
GENODEF1ALH;BANKVEREIN BEBRA ZW EG
GENODEF1ALK;RAIFFEISENBANK OBERMAIN NORD EG
GENODEF1ALX;RAIFFEISENBANK ALXING-BRUCK EG
GENODEF1ALZ;VR-BANK EG
GENODEF1AMV;VOLKSBANK-RAIFFEISENBANK AMBERG EG
GENODEF1ANK;VOLKSBANK VORPOMMERN EG
GENODEF1ANS;VR-BANK MITTELFRANKEN WEST EG
GENODEF1AOE;VR MEINE RAIFFEISENBANK EG
GENODEF1APE;VOLKSBANK GEEST EG
GENODEF1ARF;RAIFFEISENBANK ARNSTORF EG
GENODEF1ARH;RAIFFEISENBANK ARESING-HOERZHAUSEN EG
GENODEF1ASG;RAIFFEISEN-VOLKSBANK EBERSBERG EG
GENODEF1AST;VOLKSBANK EG AHLERSTEDT
GENODEF1ASU;RAIFFEISENBANK ASCHAU-SAMERBERG EG
GENODEF1ATE;VR-BANK SCHWEINFURT EG
GENODEF1AUB;VR BANK AUGSBURG-OSTALLGAEU EG
GENODEF1AUO;RAIFFEISENBANK AUERBACH-FREIHUNG EG
GENODEF1AUS;RAIFFEISENBANK SONNENWALD EG
GENODEF1AZR;RAIFFEISENBANK AUMA-ZEULENRODA EG
GENODEF1BAG;RAIFFEISEN-VOLKSBANK ASCHAFFENBURG EG
GENODEF1BAM;VOLKSBANK BAKUM EG
GENODEF1BAR;VOLKSBANK RAIFFEISENBANK EG
GENODEF1BA2;VR BANK BAMBERG-FORCHHEIM EG VOLKS-RAIFFEISENBANK
GENODEF1BBG;VOLKSBANK BERNBURG EG
GENODEF1BBH;VOLKSBANK OBERGRAFSCHAFT EG
GENODEF1BBR;VR BANK IN HOLSTEIN EG
GENODEF1BBT;RAIFFEISENBANK MITTELSCHWABEN EG
GENODEF1BCH;RAIFFEISENBANK BUECHEN EG
GENODEF1BCK;VOLKSBANK IN SCHAUMBURG EG
GENODEF1BDS;VR BANK NORD EG
GENODEF1BEB;BANKVEREIN BEBRA EG
GENODEF1BEH;RAIFFEISENBANK BECHHOFEN EG
GENODEF1BEV;VOLKSBANK EG BREMERHAVEN-CUXLAND
GENODEF1BFS;BANK FUER SCHIFFAHRT
GENODEF1BGB;RAIFFEISENBANK BURGEBRACH-STEGAURACH EG
GENODEF1BGL;VOLKSBANK RAIFFEISENBANK OBERBAYERN SUEDOST EG
GENODEF1BGO;RAIFFEISENBANK BERG-BAD STEBEN EG
GENODEF1BHD;RAIFFEISENBANK BUETTHARD-GAUKOENIGSHOFEN EG
GENODEF1BHN;RAIFFEISENBANK BURGHAUN EG
GENODEF1BIB;RAIFFEISENBANK NORDSPESSART EG
GENODEF1BIN;RAIFFEISENBANK BIDINGEN EG
GENODEF1BIR;VR BANK FULDA EG
GENODEF1BKO;RAIFFEISENBANK BRUCHKOEBEL EG
GENODEF1BKW;RAIFFEISEN-VOLKSBANK ODER-SPREE EG
GENODEF1BLF;VR BANK MITTLERE OBERPFALZ
GENODEF1BLG;VOLKSBANK BRAUNLAGE EG
GENODEF1BLN;RAIFFEISENBANK BEILNGRIES EG
GENODEF1BLO;RAIFFEISENBANK PFAFFENHAUSEN EG
GENODEF1BLT;RAIFFEISENBANK SCHWABEN MITTE
GENODEF1BNT;VOLKSBANK DIEPHOLZ-BARNSTORF EG
GENODEF1BOA;VR BANK LEIPZIGER LAND EG
GENODEF1BOG;VOLKSBANK NORDHUEMMLING EG
GENODEF1BOH;VOLKSBANK BOERSSUM-HORNBURG EG
GENODEF1BOI;RAIFFEISENBANK BOBINGEN EG
GENODEF1BOO;RAIFFEISENBANK EG KLEIN KUMMERFELD
GENODEF1BOR;RAIFFEISENBANK EG BORKEN
GENODEF1BOW;VOLKSBANK BORTFELD
GENODEF1BPL;RAIFFEISENBANK PLANKSTETTEN AG
GENODEF1BRB;BRANDENBURGER BANK VOLKSBANK RAIFFEISEN BANK EG
GENODEF1BRG;VOLKSBANK JERICHOWER LAND EG
GENODEF1BRK;VR-BANK BAD KISSINGEN EG
GENODEF1BRN;RAIFFEISENBANK WESERMARSCH-SUED EG
GENODEF1BRV;VOLKSBANK GEESTE-NORD EG
GENODEF1BSB;BANK FUER SCHIFFAHRT EG
GENODEF1BSD;BANK FUER SCHIFFAHRT EG
GENODEF1BSI;RAIFFEISENBANK BISSINGEN EG
GENODEF1BSL;VOLKSBANK BOESEL EG
GENODEF1BST;VEREINIGTE RAIFFEISENBANK BURGSTAEDT EG
GENODEF1BTA;RAIFFEISENBANK EG
GENODEF1BTO;RAIFFEISENBANK OBERFERRIEDEN-BURGTHANN EG
GENODEF1BT1;VOLKSBANK-RAIFFEISENBANK BAYREUTH EG
GENODEF1BUK;RAIFFEISENBANK BRUCK EG
GENODEF1BUM;RAIFFEISENBANK BUTTENHEIM EG
GENODEF1BUR;RAIFFEISENBANK LANGENSCHWARZ -ALT-
GENODEF1BUT;RAIFFEISENBANK BUTJADINGEN-ABBEHAUSEN EG
GENODEF1BVB;BVB VOLKSBANK NDL D FRANKFURTER VOLKSBANK
GENODEF1BVO;VOLKSBANK EG OSTERHOLZ-SCHARMBECK
GENODEF1BWI;RAIFFEISENBANK UNTERES ZUSAMTAL EG
GENODEF1BZS;RAIFFEISENBANK THANNHAUSEN EG
GENODEF1BZV;VOLKSBANK BAUTZEN EG
GENODEF1CAL;RAIFFEISENBANK EG CALDEN
GENODEF1CHA;RAIFFEISENBANK CHAMER LAND EG
GENODEF1CH1;VOLKSBANK CHEMNITZ EG
GENODEF1CLP;VR-BANK IN SUEDOLDENBURG EG
GENODEF1CLZ;VOLKSBANK CLENZE-HITZACKER EG
GENODEF1COP;VOLKSBANK IM WESERTAL EG
GENODEF1COS;VR-BANK COBURG EG
GENODEF1DAB;VOLKSBANK BLECKEDE-DAHLENBURG EG
GENODEF1DAM;VOLKSBANK DAMMER BERGE EG
GENODEF1DBR;RAIFFEISENBANK BAD DOBERAN EG
GENODEF1DCA;VOLKSBANK RAIFFEISENBANK DACHAU EG
GENODEF1DEG;RAIFFEISENBANK DEGGENDORF-PLATTLING-SONNENWALD
GENODEF1DES;VOLKS- UND RAIFFEISENBANK LEINEBERGLAND
GENODEF1DFK;RAIFFEISENBANK ASCHBERG EG
GENODEF1DGF;VOLKSBANK-RAIFFEISENBANK DINGOLFING EG
GENODEF1DGV;VR GENOBANK DONAUWALD
GENODEF1DIB;RAIFFEISENBANK BAUMGARTEN-NOEHAM EG
GENODEF1DIH;RAIFFEISENBANK DIETENHOFEN EG
GENODEF1DIK;VR BANK DINKLAGE-STEINFELD EG
GENODEF1DIM;RAIFFEISENBANK DIETERSHEIM UND UMGEBUNG EG
GENODEF1DKV;VR-BANK FEUCHTWANGEN-DINKELSBUEHL EG
GENODEF1DLG;RAIFFEISEN-VOLKSBANK DILLINGEN EG
GENODEF1DL1;VR-BANK MITTELSACHSEN EG
GENODEF1DM1;VOLKSBANK DEMMIN EG
GENODEF1DON;RAIFFEISEN-VOLKSBANK DONAUWOERTH EG
GENODEF1DRA;VR-BANK IN SUEDNIEDERSACHSEN EG
GENODEF1DRO;VOLKSBANK KEHDINGEN EG
GENODEF1DRP;EMSLAENDISCHE VOLKSBANK EG MEPPEN
GENODEF1DRS;VOLKSBANK DRESDEN-BAUTZEN
GENODEF1DSB;RAIFFEISENBANK UEHLFELD-DACHSBACH EG
GENODEF1DSS;VR-BANK LANDSBERG-AMMERSEE EG
GENODEF1DST;RAIFFEISENBANK OBERPFALZ SUED EG
GENODEF1DS1;VOLKSBANK DESSAU-ANHALT EG
GENODEF1DTA;RAIFFEISENBANK IM ALLGAUER LAND EG
GENODEF1DTL;VOLKSBANK WILDESHAUSER GEEST EG
GENODEF1DTT;RAIFFEISEN-VOLKSBANK EG
GENODEF1DTZ;RAIFFEISENBANK TOELZER LAND EG
GENODEF1DUD;VR-BANK MITTE EG
GENODEF1DVR;DITHMARSCHER VOLKS- UND RAIFFEISENBANK EG
GENODEF1DZ1;VOLKSBANK DELITZSCH EG
GENODEF1EAU;RAIFFEISENBANK ELSAVATAL EG
GENODEF1EBG;VOLKSBANK MITTELHESSEN EG
GENODEF1EBR;RAIFFEISENBANK-VOLKSBANK EBERN EG
GENODEF1EBV;RAIFFEISENBANK BUCH-ECHING EG
GENODEF1EDE;VOLKSBANK OLDENBURG EG
GENODEF1EDF;RAIFFEISENBANK SULZBACH-ROSENBERG EG SITZ SULZBACH-ROSENBERG
GENODEF1EDR;RAIFFEISENBANK ERDING EG
GENODEF1EDV;VR-BANK ERDING EG
GENODEF1EFD;RAIFFEISENBANK ESTENFELD-BERGTHEIM EG SITZ ESTENFELD
GENODEF1EFO;ECKERNFOERDER BANK EG VOLKSBANK RAIFFEISENBANK
GENODEF1EF2;ERFURTER BANK EG RAIFFEISENBANK
GENODEF1EGB;RAIFFEISENBANK BAISWEIL-EGGENTHAL-FRIESENRIED
GENODEF1EGR;ROTTALER VOLKSBANK-RAIFFEISENBANK EG
GENODEF1EIL;VOLKS- UND RAIFFEISENBANK EISLEBEN EG
GENODEF1EIN;VOLKSBANK EINBECK EG
GENODEF1EIR;RAIFFEISENBANK EICHSTAETT EG
GENODEF1EK1;EVANGELISCHE BANK EG
GENODEF1ELB;RAIFFEISENBANK NORDKREIS LANDSBERG EG
GENODEF1ELM;VR BANK IN HOLSTEIN EG
GENODEF1EMK;VOLKSBANK EMSTEK EG
GENODEF1ENA;RAIFFEISENBANK ESSENBACH EG
GENODEF1ENB;RAIFFEISENBANK EICHENBUEHL UND UMGEBUNG EG
GENODEF1ERG;RAIFFEISENBANK ALTDORF - ERGOLDING EG SITZ:ERGOLDING
GENODEF1ERN;RAIFFEISENBANK FRAENKISCHES WEINLAND EG
GENODEF1ER1;VR-BANK ERLANGEN-HOECHSTADT-HERZOGENAURACH EG
GENODEF1ESA;VR-BANK EISENACH-RONSHAUSEN
GENODEF1ESE;VOLKSBANK ESENS EG
GENODEF1ESN;VOLKSBANK EISENBERG EG
GENODEF1ESO;VOLKSBANK ESSEN-CAPPELN EG
GENODEF1ESW;VR-BANK MITTE EG
GENODEF1ETB;RAIFFEISENBANK EMTMANNSBERG EG
GENODEF1ETK;ETHIKBANK EG, ZWEIGNIEDERLASSUNG DER VOLKSBANK EISENBERG EG
GENODEF1EUB;VOLKSBANK UELZEN-SALZWEDEL EG
GENODEF1EUR;RAIFFEISENBANK BEUERBERG-EURASBURG EG
GENODEF1EUT;VOLKSBANK EUTIN RAIFFEISENBANK EG
GENODEF1EWG;VOLKSBANK ESTERWEGEN EG
GENODEF1EW1;VOLKSBANK EBERSWALDE EG
GENODEF1FBK;FRANKENBERGER BANK, RAIFFEISENBANK EG
GENODEF1FCH;RAIFFEISENBANK FUCHSTAL-DENKLINGEN EG
GENODEF1FEC;RAIFFEISENBANK ALTDORF-FEUCHT EG
GENODEF1FEH;VOLKSBANK OSTHOLSTEIN NORD EG
GENODEF1FEW;VR-BANK FEUCHTWANGEN-DINKELSBUEHL EG
GENODEF1FFB;VOLKSBANK RAIFFEISENBANK FUERSTENFELDBRUCK EG
GENODEF1FKS;RAIFFEISENBANK FALKENSTEIN-WOERTH EG
GENODEF1FLN;RAIFFEISENBANK IM FULDAER LAND EG
GENODEF1FLO;VOLKSBANK MITTLERES ERZGEBIRGE EG
GENODEF1FLS;RAIFFEISENBANK FLOSS EG
GENODEF1FOH;VR BANK BAMBERG-FORCHHEIM EG VOLKS-RAIFFEISENBANK
GENODEF1FOK;RAIFFEISENBANK OBERES KESSELTAL EG
GENODEF1FOR;VOLKSBANK-RAIFFEISENBANK FORST EG
GENODEF1FOY;SPAR- UND DARLEHNSKASSE EG
GENODEF1FRB;VOLKSBANK EG
GENODEF1FRD;RAIFFEISENBANK HIRSCHAU EG
GENODEF1FSR;FREISINGER BANK EG VOLKSBANK-RAIFFEISENBANK
GENODEF1FUE;RAIFFEISEN-VOLKSBANK FUERTH EG
GENODEF1FWA;VR BANK LAUSITZ EG
GENODEF1FWH;RAIFFEISENBANK FRANKENWINHEIM UND UMGEBUNG EG
GENODEF1FW1;VOLKS- U. RAIFFEISENBANK FUERSTENWALDE SEELOW WR
GENODEF1FYS;RAIFFEISEN - MEINE BANK EG
GENODEF1GAA;RAIFFEISENBANK MUENCHEN-SUED EG-GAA
GENODEF1GAH;RAIFFEISENBANK IM DONAUTAL EG
GENODEF1GAP;VR-BANK WERDENFELS EG
GENODEF1GA1;VOLKSBANK EG GARDELEGEN
GENODEF1GBF;VEREINIGTE RAIFFEISENBANKEN GRAEFENBERG-FORCHHEIM-ESCHENAU-HEROLDSBERG
GENODEF1GBH;VOLKSBANK BOOKHOLZBERG-LEMWERDER EG
GENODEF1GC1;VOLKSBANK-RAIFFEISENBANK GLAUCHAU EG
GENODEF1GDB;RAIFFEISEN-VOLKSBANK EG GADEBUSCH
GENODEF1GDG;RAIFFEISENBANK GREDING-THALMAESSING EG
GENODEF1GEM;RAIFFEISENBANK MAIN-SPESSART EG
GENODEF1GEV;GERAER BANK EG
GENODEF1GEZ;VOLKSBANK VOGTLAND EG
GENODEF1GFS;RAIFFEISENBANK GEFREES EG
GENODEF1GFV;VOLKSBANK GIFHORN EG
GENODEF1GIL;RAIFFEISENBANK GILCHING EG
GENODEF1GKT;RAIFFEISENBANK TATTENHAUSEN-GROSSKAROLINENFEL
GENODEF1GLE;RAIFFEISENBANK GARTETAL EG
GENODEF1GLU;RAIFFEISENBANK IM FULDAER LAND EG
GENODEF1GMD;SPAR- UND KREDIT-BANK EG
GENODEF1GMR;RAIFFEISENBANK GRIMMA EG
GENODEF1GMU;RAIFFEISENBANK GMUND AM TEGERNSEE EG
GENODEF1GMV;VR-BANK MULDENTAL EG
GENODEF1GNA;VOLKSBANK EG OSTERHOLZ-SCHARMBECK
GENODEF1GOE;VOLKSBANK GOETTINGEN EG
GENODEF1GPF;RAIFFEISENBANK GEISELHOERING-PFAFFENBERG EG
GENODEF1GRR;VR-BANK IN SUEDOLDENBURG EG
GENODEF1GRS;RAIFFEISENBANK SUEDSTORMARN MOELLN EG
GENODEF1GRT;RAIFFEISENBANK GRAINET EG
GENODEF1GRW;RAIFFEISENBANK GRAFENWOEHR-KIRCHENTHUMBACH EG
GENODEF1GR1;VOLKSBANK RAIFFEISENBANK NIEDERSCHLESIEN EG
GENODEF1GSB;RAIFFEISENBANK GEROLSBACH EG
GENODEF1GSC;VOLKSBANK EG DELMENHORST SCHIERBROK
GENODEF1GSH;RAIFFEISENBANK GEISENHAUSEN EG
GENODEF1GSW;RAIFFEISENBANK GROSSAITINGEN-WEHRINGEN EG
GENODEF1GTH;RAIFFEISENBANK GOTHA EG
GENODEF1GUB;VR-BANK CHATTENGAU EG
GENODEF1GUE;VOLKS- UND RAIFFEISENBANK EG
GENODEF1GU1;RAIFFEISENBANK WEISSENBURG-GUNZENHAUSEN EG
GENODEF1GZA;RAIFFEISENBANK GERZEN-AHAM EG
GENODEF1GZH;VR-BANK GEROLZHOFEN EG
GENODEF1GZ1;VOLKSBANK GUENZBURG EG
GENODEF1GZ2;VR-BANK DONAU-MINDEL EG
GENODEF1HAA;SPAR- UND KREDITBANK EG
GENODEF1HAB;VR-BANK BAD KISSINGEN EG
GENODEF1HAC;RAIFFEISEN-VOLKSBANK ASCHAFFENBURG EG
GENODEF1HAL;VOLKSBANK HALLE (SAALE) EG
GENODEF1HAR;VOLKSBANK HAREN EG
GENODEF1HAS;RAIFFEISEN-VOLKSBANK HASSBERGE EG
GENODEF1HAT;VR BANK OLDENBURG LAND WEST EG
GENODEF1HBG;RAIFFEISENBANK HOECHBERG EG
GENODEF1HBV;VOLKSBANK EG BREMERHAVEN-WESERMUENDE
GENODEF1HBW;RAIFFEISENBANK HENGERSBERG-SCHOELLNACH EG
GENODEF1HB1;BREMISCHE VOLKSBANK EG
GENODEF1HB2;VOLKSBANK BREMEN-NORD EG
GENODEF1HDG;VOLKSBANK SOLLING EG
GENODEF1HDW;RAIFFEISENBANK EG
GENODEF1HEE;HEEDER VOLKSBANK EG
GENODEF1HEM;RAIFFEISENBANK IM OBERPFAELZER JURA EG
GENODEF1HFA;RAIFFEISENBANK EG
GENODEF1HFG;RAIFFEISENBANK GRIESSTAETT-HALFING EG
GENODEF1HGA;RAIFFEISENBANK ALTEGLOFSHEIM-HAGELSTADT EG
GENODEF1HGF;RAIFFEISENBANK HUGLFING EG
GENODEF1HGH;RAIFFEISENBANK HILDBURGHAUSEN EG
GENODEF1HGM;VOLKSBANK GMHUETTE-HAGEN-BISSENDORF EG (GHB)
GENODEF1HHK;RAIFFEISENBANK HEHENKIRCH UND UMGEBUNG EG
GENODEF1HHS;RAIFFEISENBANK ISAR-LOISACHTAL EG
GENODEF1HHU;RAIFFEISENBANK HOHENAU-MAUTH EG
GENODEF1HH1;VOLKSBANK HAMBURG OST-WEST
GENODEF1HH2;HAMBURGER VOLKSBANK EG
GENODEF1HH3;VOLKSBANK RAIFFEISENBANK EG
GENODEF1HH4;VOLKSBANK RAIFFEISENBANK EG
GENODEF1HID;RAIFFEISENBANK EG
GENODEF1HIG;VR-BANK MITTE EG
GENODEF1HIH;VOLKSBANK HILDESHEIM EG
GENODEF1HIS;RAIFFEISENBANK FRAENKISCHE SCHWEIZ EG
GENODEF1HKB;VOLKSBANK HANKENSBUETTEL-WAHRENHOLZ EG
GENODEF1HLN;VOLKSBANK HASELUENNE EG
GENODEF1HLU;VOLKSBANK LUEBECK EG
GENODEF1HMA;RAIFFEISENBANK HAAG-GARS-MAITENBETH EG
GENODEF1HMF;RAIFFEISENBANK-VOLKSBANK HERMSDORFER KREUZ EG
GENODEF1HMN;VOLKSBANK SUEDHEIDE - ISENHAGENER LAND - ALTMARK
GENODEF1HMP;VOLKSBANK HAMELN-STADTHAGEN EG
GENODEF1HMS;VOLKSBANK HELMSTEDT EG
GENODEF1HMV;VOLKSBANK WESERBERGLAND EG
GENODEF1HNT;RAIFFEISENBANK HAUNETAL EG
GENODEF1HOB;RAIFFEISENBANK HEROLDSBACH EG
GENODEF1HOO;VOLKSBANK NIEDERGRAFSCHAFT EG
GENODEF1HOY;VOLKSBANK ALLER-WESER EG
GENODEF1HO1;VR BANK BAYREUTH-HOF EG
GENODEF1HPH;RAIFFEISENBANK HOPFERAU-HOPFEN EG
GENODEF1HPN;RAIFFEISEN - MEINE BANK EG
GENODEF1HPS;VOLKSBANK WILDESHAUSER GEEST EG
GENODEF1HRV;VR PARTNERBANK CHATTENGAU-SCHWALM-EDER
GENODEF1HR1;ROSTOCKER VOLKS-UND RAIFFEISENBANK EG
GENODEF1HSB;RAIFFEISENBANK HERSBRUCK EG
GENODEF1HSC;RAIFFEISENBANK HIRSCHAU EG
GENODEF1HSE;RAIFFEISENBANK SEEBACHGRUND EG
GENODEF1HST;POMMERSCHE VOBA EG
GENODEF1HTE;RAIFFEISENBANK ELBMARSCH EG
GENODEF1HTF;RAIFFEISENBANK HILTENFINGEN EG
GENODEF1HTL;RAIFFEISENBANK EG
GENODEF1HTR;VOLKSBANK EG BAD LAER-BORGLOH-HILTER-MELLE
GENODEF1HUA;RAIFFEISENBANK SINGOLDTAL EG
GENODEF1HUD;VEREINIGTE VOLKSBANK EG
GENODEF1HUE;VR-BANK NORDRHOEN EG
GENODEF1HUG;RAIFFEISENBANK HARBURG EG
GENODEF1HUM;VR BANK WESTKUESTE EG
GENODEF1HUV;VOLKSBANK RAIFFEISENBANK HANAU EG
GENODEF1HWA;RAIFFEISENBANK FRAENKISCHE SCHWEIZ EG
GENODEF1HWG;RAIFFEISENBANK HALDENWANG EG
GENODEF1HWI;VOLKS-U RB WISMAR EG
GENODEF1HWR;RAIFFEISENBANK EG WISMAR
GENODEF1HWS;RAIFFEISENBANK EG ITZEHOE
GENODEF1HWV;VOLKS- UND RAIFFEISENBANK (EHM VB) EG
GENODEF1HZH;RAIFFEISENBANK ASCHBERG EG
GENODEF1HZM;RAIFFEISENBANK RAIN AM LECH EG
GENODEF1HZN;RAIFFEISENBANK SUEDL. BAYERISCHER WALD EG
GENODEF1HZO;RAIFFEISENBANK HOLZKIRCHEN-OTTERFING EG
GENODEF1HZR;RAIFFEISENBANK HOLZHEIM EG
GENODEF1ICH;RAIFFEISENBANK ICHENHAUSEN EG
GENODEF1IMV;VOLKSBANK IMMENSTADT EG
GENODEF1INP;VOLKSBANK RAIFFEISENBANK BAYERN MITTE EG
GENODEF1INZ;RAIFFEISENBANK INZELL EG
GENODEF1ISE;VR-BANK ERDING
GENODEF1ISV;VR-BANK ISMANING HALLBERGMOOS NEUFAHRN EG
GENODEF1JET;RAIFFEISENBANK JETTINGEN-SCHEPPACH EG
GENODEF1JEV;VOLKSBANK JEVER EG
GENODEF1JE1;VOLKSBANK ELSTERLAND EG
GENODEF1KAB;RAIFFEISENBANK KALBE-BISMARK EG
GENODEF1KBL;RAIFFEISENBANK EMS-VECHTE EG
GENODEF1KBW;WALDECKER BANK EG
GENODEF1KC1;RAIFFEISEN - VOLKSBANK KRONACH-LUDWIGSSTADT EG
GENODEF1KC2;RAIFFEISENBANK KUEPS-MITWITZ STOCKHEIM EG
GENODEF1KEM;RAIFFEISENBANK OBERPFALZ NORDWEST
GENODEF1KEV;ALLGAEUER VOLKSBANK EG KEMPTEN-SONTHOFEN
GENODEF1KFB;VR BANK AUGSBURG-OSTALLGAEU EG
GENODEF1KIL;KIELER VOLKSBANK EG
GENODEF1KLK;KALTENKIRCHENER BANK EG
GENODEF1KM1;RAIFFEISENBANK KEMPTEN EG
GENODEF1KOA;VR BANK IM LANDKREIS GARMISCH PARTENKIRCHEN EG
GENODEF1KOE;VOLKSBANK EG
GENODEF1KRR;RAIFFEISENBANK KRUMBACH/SCHWABEN EG
GENODEF1KS2;KURHESSISCHE LANDBANK EG
GENODEF1KTZ;RAIFFEISENBANK BAD KOETZTING EG
GENODEF1KT1;VR BANK KITZINGEN EG
GENODEF1KU1;VR BANK OBERFRANKEN MITTE
GENODEF1LAG;VOLKSBANK LANGEN-GERSTEN EG
GENODEF1LAP;VOLKSBANK LASTRUP EG
GENODEF1LAS;SPAR- UND DARLEHNSKASSE BOERDE LAMSTEDT EG
GENODEF1LAU;RAIFFEISEN- SPAR- UND KREDITBANK EG
GENODEF1LBB;BAYERISCHE BODENSEEBANK RAIFFEISEN EG
GENODEF1LEN;VOLKSBANK LENGERICH EG
GENODEF1LER;OSTFRIESISCHE VOLKSBANK EG
GENODEF1LH1;VR-BANK LANDSHUT EG
GENODEF1LIA;VOLKSBANK LINDENBERG EG
GENODEF1LIB;VOLKSBANK ELSTERLAND EG
GENODEF1LIF;VR-BANK LICHTENFELS-EBERN
GENODEF1LIG;VOLKSBANK LINGEN EG
GENODEF1LIR;VOLKSBANK EG LOENINGEN
GENODEF1LND;VR-BANK LANDAU-MENGKOFEN EG
GENODEF1LN1;SPREEWALDBANK EG
GENODEF1LOG;VOLKSBANK EG LOENINGEN
GENODEF1LON;VOLKSBANK LOHNE-MUEHLEN EG
GENODEF1LRU;RAIFFEISENBANK LORUP EG
GENODEF1LSR;VR BANK MAIN-KINZIG-BUEDINGEN EG
GENODEF1LST;RAIFFEISENBANK STAUDEN EG
GENODEF1LTH;VOLKSBANK EMSTAL EG
GENODEF1LUE;VOLKSBANK LUENEBURG EG
GENODEF1LUK;VR-BANK FLAEMING EG
GENODEF1LUS;VOLKSBANK LUDWIGSTADT EG
GENODEF1LVB;LEIPZIGER VOLKSBANK EG
GENODEF1LWE;RAIFFEISENBANK GEISELHOERING-PFAFFENBERG EG
GENODEF1LZN;RAIFFEISENBANK EG
GENODEF1MAK;VR-BANK FICHTELGEBIRGE
GENODEF1MAL;RAIFFEISENBANK MECKLENBURGER SEENPLATTE EG
GENODEF1MAR;RAIFFEISEN-VOLKSBANK FRESENA EG
GENODEF1MBG;VOLKSBANK MITTLERES ERZGEBIRGE EG
GENODEF1MBL;RAIFFEISENBANK BURGBERNHEIM-MARKTBERGEL EG
GENODEF1MBW;RAIFFEISENBANK MARKT BEROLZHEIM-WETTELSHEIM E
GENODEF1MDG;RAIFFEISENBANK GROSSWALBUR EG
GENODEF1MD1;VOLKSBANK MAGDEBURG EG
GENODEF1MEI;VOLKSBANK RAIFFEISENBANK MEISSEN-GROSSENHAIN EG
GENODEF1MEP;EMSLAENDISCHE VOLKSBANK EG MEPPEN
GENODEF1MGA;RAIFFEISENBANK OBERLAND EG
GENODEF1MIB;RAIFFEISENBANK IM OBERLAND EG
GENODEF1MIL;RAIFFEISEN-VOLKSBANK MILTENBERG EG
GENODEF1MIR;GENOSSENSCHAFTSBANK UNTERALLGAEU EG
GENODEF1MIW;VOLKSBANK MITTWEIDA EG
GENODEF1MKB;MKB MITTELSTANDSKREDITBANK AG
GENODEF1MKO;VR-BANK LANDAU-MENGKOFEN EG
GENODEF1MLF;GENOBANK RHOEN-GRABFELD EG
GENODEF1MLO;RAIFFEISENBANK OLDERSUM EG
GENODEF1MLV;VOLKSBANK RAIFFEISENBANK RHOEN-GRABFELD EG
GENODEF1MML;RAIFFEISENBANK EG
GENODEF1MMM;RAIFFEISENBANK MAMMING-HOECKING EG
GENODEF1MM1;VR-BANK MEMMINGEN EG
GENODEF1MOO;RAIFFEISENBANK WESTKREIS FUERSTENFELDBRUCK EG
GENODEF1MOT;RAIFFEISEN-VOLKSBANK RIES EG
GENODEF1MRI;RAIFFEISENBANK KISSING-MERING EG
GENODEF1MRZ;VOLKSBANK OSNABRUECKER NORDLAND EG
GENODEF1MST;VOLKSBANK LOHNE-MUEHLEN EG
GENODEF1MTG;VR-BANK HANDELS- UND GEWERBEBANK EG
GENODEF1MTW;RAIFFEISENBANK MITTENWALD EG
GENODEF1MUA;VOLKSBANK ALLER-OKER EG
GENODEF1MUL;VR-BANK BURGHAUSEN-MUEHLDORF EG
GENODEF1MUR;VR BANK IM LANDKREIS GARMISCH PARTENKIRCHEN EG
GENODEF1MU2;VR BANK WESTTHUERINGEN EG
GENODEF1MU4;HAUSBANK MUENCHEN EG BANK FUER HAUS- UND GRUNDBESITZ
GENODEF1M01;MUENCHNER BANK EG
GENODEF1M02;RAIFFEISENBANK MUENCHEN EG
GENODEF1M03;RAIFFEISENBANK MUENCHEN-SUED EG
GENODEF1M04;HAUSBANK MUENCHEN EG
GENODEF1M05;LIGA BANK EG
GENODEF1M06;MERKUR BANK KGAA
GENODEF1M07;GENOSSENSCHAFTSBANK EG MUENCHEN
GENODEF1M08;RAIFFEISENBANK MUENCHEN-NORD
GENODEF1M1Y;Mï¿½nchner Bank
GENODEF1NAF;VOLKSBANK HALLE, SAALE EG
GENODEF1NAU;RAIFFEISENBANK NAUEN EG
GENODEF1NBK;RAIFFEISENBANK EG
GENODEF1NBU;VOLKSBANK LUENEBURGER HEIDE EG
GENODEF1NDH;RAIFFEISEN- UND VOLKSBANK NORDHORN EG
GENODEF1NDL;RAIFFEISENBANK NUEDLINGEN EG
GENODEF1NDR;NORDERSTEDTER BANK EG
GENODEF1NDS;NORDTHUERINGER VOLKSBANK EG
GENODEF1NDT;VR-BANK RHOEN-GRABFELD EG
GENODEF1ND2;VR BANK NEUBURG-RAIN EG
GENODEF1NEA;VR MEINE BANK EG
GENODEF1NEO;VOLKSBANK NEUENKIRCHEN-VOERDEN EG
GENODEF1NEV;GRAFSCHAFTER VOLKSBANK EG
GENODEF1NEW;RAIFFEISENBANK NEUSTADT-VOHENSTRAUSS EG
GENODEF1NGG;RAIFFEISENBANK BAD GOEGGING EG
GENODEF1NGS;VOLKSBANK LOEBAU-ZITTAU EG
GENODEF1NHD;RAIFFEISENBANK AM DREISESSEL EG
GENODEF1NHE;RAIFFEISEN-VOLKSBANK VAREL-NORDENHAM EG
GENODEF1NIN;VOLKSBANK EG NIENBURG
GENODEF1NKN;RB ESCHLK-LAM-LOHB-NEUKIRCH
GENODEF1NMB;VOLKS-UND RAIFFEISENBANK SAALE-USTRUT EG
GENODEF1NMS;VR BANK NEUMUENSTER EG
GENODEF1NM1;RAIFFEISENBANK NEUMARKT I. D. OBERPFALZ EG
GENODEF1NOE;RAIFFEISEN-VOLKSBANK RIES EG
GENODEF1NOP;VR-BANK EG OSNABRUECKER NORDLAND
GENODEF1NPP;RAIFFEISENBANK OSTPRIGNITZ-RUPPIN EG
GENODEF1NSH;VR BANK OSTHOLSTEIN NORD - PLOEN EG
GENODEF1NST;RAIFFEISEN-VOLKSBANK NEUSTADT EG
GENODEF1NSV;RAIFFEISENBANK NEUMARKT-ST. VEIT - NIEDERBERGKIRCHEN EG
GENODEF1NTO;VR BANK SCHLESWIG-MITTELHOLSTEIN EG
GENODEF1NUI;RAIFFEISENBANK UNTERES INNTAL EG
GENODEF1NUV;VOLKSBANK NEU-ULM EG
GENODEF1NU1;VR-BANK NEU-ULM EG
GENODEF1N01;VOLKSBANK NUERNBERG EG
GENODEF1N02;VOLKSBANK RAIFFEISENBANK NUERNBERG EG
GENODEF1N03;EVENORD-BANK
GENODEF1N07;RAIFFEISENBANK KATZWANG EG
GENODEF1N08;RAIFFEISENBANK KNOBLAUCHSLAND EG
GENODEF1OBD;RAIFFEISENBANK OBERAUDORF EG
GENODEF1OBE;RAIFFEISEN-VOLKSBANK ASCHAFFENBURG EG
GENODEF1OBR;RAIFFEISENBANK KITZINGER LAND EG
GENODEF1OBS;RAIFFEISENBANK OBERSCHLEISSHEIM EG
GENODEF1OCH;RAIFFEISENBANK OCHSENFURT EG
GENODEF1ODZ;RAIFFEISENBANK PFAFFENHOFEN A.D. GLONN EG
GENODEF1OFF;RAIFFEISENBANK OFFINGEN EG
GENODEF1OGB;RAIFFEISENBANK EG
GENODEF1OGK;NORTH CHANNEL BANK GMBH UND CO. KG
GENODEF1OHA;VOLKSBANK IM HARZ EG
GENODEF1OHC;VR BANK MUENCHEN LAND EG
GENODEF1OHZ;VOLKSBANK EG OSTERHOLZ-SCHARMBECK
GENODEF1OKI;RAIFFEISENBANK KIRCHWEIHTAL EG
GENODEF1OL2;RAIFFEISENBANK OLDENBURG EG
GENODEF1ORF;RAIFFEISENBANK STRUECKLINGEN-IDAFEHN EG
GENODEF1ORT;RAIFFEISENBANK ORTENBURG EG
GENODEF1OSV;VOLKSBANK OSNABRUECK EG
GENODEF1OVI;RAIFFEISENBANK IM OBERPFAELZER WALD EG
GENODEF1OWS;RAIFFEISENBANK EG OWSCHLAG
GENODEF1OYT;VOLKSBANK OYTEN EG
GENODEF1PAP;VOLKSBANK PAPENBURG EG
GENODEF1PAR;RAIFFEISENBANK IM OBERPFAELZER JURA EG
GENODEF1PAT;VOLKSBANK EG
GENODEF1PA1;VR-BANK PASSAU EG
GENODEF1PBG;RAIFFEISENBANK BIEBERGRUND-PETERSBERG EG
GENODEF1PEI;RAIFFEISENBANK PFAFFENWINKEL EG
GENODEF1PER;VOLKS- UND RAIFFEISENBANK PRIGNITZ EG
GENODEF1PEV;VOLKSBANK PEINE EG
GENODEF1PFA;RAIFFEISENBANK PFAFFENHAUSEN EG
GENODEF1PFF;RAIFFEISENBANK PFEFFENHAUSEN-ROTTENBURG-WILDENBERG EG
GENODEF1PFI;HALLERTAUER VOLKSBANK EG
GENODEF1PFK;VR-BANK ROTTAL-INN EG
GENODEF1PIL;RB-LANDAU-PILSTING EG
GENODEF1PIN;VR BANK IN HOLSTEIN EG
GENODEF1PL1;VOLKSBANK VOGTLAND EG
GENODEF1PN1;RAIFFEISEN-VOLKSBANK SAALE-ORLA EG
GENODEF1POC;ROTTALER RAIFFEISENBANK EG
GENODEF1PRV;VOLKSBANK-RAIFFEISENBANK CHIEMSEE EG
GENODEF1PR2;VOLKSBANK PIRNA EG
GENODEF1PST;RAIFFEISENBANK PARKSTETTEN EG
GENODEF1PZB;VOLKSBANK-RAIFFEISENBANK PENZBERG EG
GENODEF1PZ1;VR-BANK UCKERMARK-RANDOW EG
GENODEF1P01;PSD BANK BERLIN-BRANDENBURG EG
GENODEF1P02;PSD BANK BRAUNSCHWEIG EG
GENODEF1P03;PSD BANK BREMEN
GENODEF1P04;PSD RHEIN-RUHR EG
GENODEF1P05;PSD RHEIN-RUHR EG
GENODEF1P06;PSD BANK HESSEN-THUERINGEN EG
GENODEF1P07;PSD BANK RHEINNECKARSAAR EG
GENODEF1P08;PSD BANK NORD EG
GENODEF1P09;PSD BANK HANNOVER
GENODEF1P10;PSD BANK KARLSRUHE-NEUSTADT EG
GENODEF1P11;PSD BANK KIEL EG
GENODEF1P12;PSD BANK KOBLENZ
GENODEF1P13;PSD BANK KOELN EG
GENODEF1P14;PSD BANK MUENCHEN EG
GENODEF1P15;PSD BANK WESTFALEN-LIPPE EG
GENODEF1P17;PSD BANK NUERNBERG EG
GENODEF1P18;VR BANK NIEDERBAYERN-OBERPFALZ EG
GENODEF1P19;PSD BANK RHEINNECKARSAAR EG
GENODEF1P20;PSD BANK RHEINNECKARSAAR EG
GENODEF1P21;PSD BANK TRIER NIEDERL. DER PSD BANK KOELN EG
GENODEF1QFT;VOLKSBANK HALLE (SAALE)
GENODEF1QLB;HARZER VOLKSBANK EG
GENODEF1RAW;RAIFFEISENBANK WERRATAL-LANDECK EG
GENODEF1RBL;RAIFFEISENBANK RIEDENBURG-LOBSING EG
GENODEF1RCH;RAIFFEISENBANK REICHENBERG EG
GENODEF1RC1;VOLKSBANK VOGTLAND EG
GENODEF1RDB;RAIFFEISENBANK EG
GENODEF1REF;RAIFFEISENBANK REGENSTAUF EG
GENODEF1RGB;RAIFFEISENBANK ROGGENBURG-BREITENTHAL EG
GENODEF1RGE;VR-BANK EG
GENODEF1RGS;RAIFFEISENBANK AM GOLDENEN STEIG EG
GENODEF1RHE;RAIFFEISENBANK EG, HEIDE
GENODEF1RHP;RAIFFEISENBANK SUEDLICHES OSTALLGAEU EG
GENODEF1RHT;RAIFFEISENBANK HALLERTAU EG
GENODEF1RIE;VOLKSBANK RIESA EG
GENODEF1RIG;RAIFFEISENBANK RAISTING EG
GENODEF1RIW;VR-BANK CHIEMGAU-SUED EG
GENODEF1RLB;RAIFFEISENBANK EG
GENODEF1RLH;RAIFFEISENBANK RAIN AM LECH EG
GENODEF1RLI;RAIFFEISENBANK REHLING EG
GENODEF1RLT;RAIFFEISENBANK TRAVEMUENDE EG
GENODEF1RME;RAIFFEISENBANK RSA EG
GENODEF1RNM;RAIFFEISENBANK MASSBACH EG
GENODEF1RN1;VOLKSBANK RATHENOW EG
GENODEF1ROH;RAIFFEISENBANK RONSHAUSEN-MARKSUHL EG
GENODEF1ROR;VR BANK ROSENHEIM-CHIEMSEE EG
GENODEF1ROV;VOLKSBANK ROSENHEIM EG
GENODEF1RRZ;RAIFFEISENBANK EG
GENODEF1RSE;RAIFFEISENBANK RASTEDE EG
GENODEF1RSL;VR BANK NORD EG
GENODEF1RSS;RAIFFEISENBANK GROSSHAB.-ROSSTAL EG
GENODEF1RTS;BANKHAUS RAUTENSCHLEIN GMBH
GENODEF1RUJ;VOLKSBANK EG GERA JENA RUDOLSTADT
GENODEF1RWZ;RAIFFEISENBANK NEUMARKT-ST. VEIT - REISCHACH EG
GENODEF1RZK;RAIFFEISENBANK RATTISZELL-KONZELL EG
GENODEF1R01;VOLKSBANK RAIFFEISENBANK REGENSBURG-SCHWANDORF EG
GENODEF1R02;RAIFFEISENBANK REGENSBURG-WENZENBACH EG
GENODEF1R05;LIGA BANK EG
GENODEF1SAL;VR-BANK BAD SALZUNGEN SCHMALKALDEN EG
GENODEF1SAN;RAIFFEISENBANK SCHARREL EG
GENODEF1SBC;RAIFFEISENBANK CHIEMGAU-NORD-OBING EG
GENODEF1SBN;SCHROBENHAUSENER BANK EG
GENODEF1SDE;VOLKSBANK STADE-CUXHAVEN EG
GENODEF1SDL;VOLKSBANK STENDAL EG
GENODEF1SDM;RAIFFEISENBANK UNTERES VILSTAL EG
GENODEF1SEB;VOLKSBANK PIRNA EG (ALT RAIFFEISENBANK NEUSTADT EG)
GENODEF1SER;RAIFFEISENBANK SUEDLICHES OSTALLGAEU EG
GENODEF1SES;VOLKSBANK EG
GENODEF1SFD;RAIFFEISENBANK EBRACHGRUND EG
GENODEF1SFF;RAIFFEISEN-VOLKSBANK BAD STAFFELSTEIN
GENODEF1SFO;RAIFFEISENBANK KEMPTEN-OBERALLGAEU EG
GENODEF1SFT;VOLKSBANK STASSFURT HZW D VOLKSBNANK BERNBURG EG
GENODEF1SGA;RAIFFEISENBANK STEINGADEN EG
GENODEF1SGH;VOLKSBANK EG SANGERHAUSEN
GENODEF1SHL;VR BANK SUEDTHUERINGEN EG
GENODEF1SHO;RAIFFEISENBANK EG
GENODEF1SHR;VOLKSBANK EG, BASSUM, STUHR, SYKE
GENODEF1SIT;ZEVENER VOLKSBANK EG
GENODEF1SLD;HANNOVERSCHE VOLKSBANK EG
GENODEF1SLR;VR-BANK ABG-LAND / SKATBANK
GENODEF1SLV;VOLKSBANK SCHMOELLN EG
GENODEF1SLW;VR BANK SCHLESWIG-MITTELHOLSTEIN EG
GENODEF1SLZ;RAIFFEISENBANK IM GRABFELD EG
GENODEF1SMU;RAIFFEISENBANK SCHWABMUENCHEN EG
GENODEF1SN1;VR-BANK EG
GENODEF1SOL;VOLKSBANK LUENEBURGER HEIDE EG
GENODEF1SPB;VR - BANK SPANGENBERG-MORSCHEN EG
GENODEF1SPK;RAIFFEISENBANK AM KULM EG
GENODEF1SPL;VOLKSBANK SUED-EMSLAND EG
GENODEF1SPM;VOLKSBANK SPREE-NEISSE EG
GENODEF1SR1;VOLKSBANK STRAUBING EG
GENODEF1SR2;RAIFFEISENBANK STRAUBING EG
GENODEF1SSB;RAIFFEISENBANK SUDOSTL. STARNBERGER SEE EG
GENODEF1SSG;RAIFFEISENBANK SCHLEUSINGEN EG
GENODEF1SST;RAIFFEISENBANK EG SEESTERMUEHE
GENODEF1STB;VOLKS-UND RAIFFEISENBANK EG GUESTROW
GENODEF1STH;VOLKSBANK RAIFFEISENBANK STARNBERG-HERRSCHING-LANDSBERG EG
GENODEF1STU;VR BANK FULDA EG
GENODEF1STV;RAIFFEISENBANK EG STRUVENHUETTEN
GENODEF1STY;VOLKSBANK EG
GENODEF1STZ;VOLKSBANK EG
GENODEF1SUG;RAIFFEISENBANK SUENCHING EG
GENODEF1SUL;VOLKSBANK EG
GENODEF1SUM;VOLKSBANK EG
GENODEF1SUT;RAIFFEISENBANK EG
GENODEF1SWD;VR BANK MITTLERE OBERPFALZ EG
GENODEF1SWN;RAIFFEISENBANK SCHWANDORF-NITTENAU EG
GENODEF1SWO;RAIFFEISENBANK ST. WOLFGANG-SCHWINDKIRCHEN EG
GENODEF1SWR;RAIFFEISENBANK ROTH-SCHWABACH EG
GENODEF1SWW;VOLKSBANK SCHWANEWEDE EG
GENODEF1SYL;SYLTER BANK EG
GENODEF1SZF;RAIFFEISENBANK HOCHFRANKEN WEST EG
GENODEF1SZH;RAIFFEISENBANK SULZBACH-ROSENBERG EG SITZ SULZBACH-ROSENBERG
GENODEF1SZT;RAIFFEISENBANK SALZWEG-THYRNAU EG
GENODEF1SZV;RAIFFEISENBANK SINZING EG/VIEHHAUSEN
GENODEF1S01;SPARDA-BANK SUEDWEST EG
GENODEF1S02;SPARDA-BANK BADEN WUERTTEMBERG EG
GENODEF1S03;SPARDA-BANK AUGSBURG EG
GENODEF1S04;SPARDA-BANK MUENCHEN EG
GENODEF1S05;SPARDA-BANK OSTBAYERN EG
GENODEF1S06;SPARDA-BANK NUERNBERG EG
GENODEF1S08;SPARDA-BANK WEST EG
GENODEF1S09;SPARDA-BANK HANNOVER EG
GENODEF1S10;SPARDA-BANK BERLIN
GENODEF1S11;SPARDA-BANK HAMBURG EG
GENODEF1S12;SPARDA-BANK HESSEN EG
GENODEF1S15;AUGSBURGER AKTIENBANK AG (NETBANK)
GENODEF1TAE;RAIFFEISENBANK TAUFKIRCHEN-OBERNEUKIRCHEN EG
GENODEF1TAV;VR-BANK TAUFKIRCHEN-DORFEN EG
GENODEF1TBG;RAIFFEISENBANK TRENDELBURG EG
GENODEF1TEI;RAIFFEISENBANK RUPERTIWINKEL EG
GENODEF1TGB;RAIFFEISENBANK TORGAU EG
GENODEF1THA;RAIFFEISENBANK THURNAUER LAND EG
GENODEF1THG;RAIFFEISENBANK LECH-AMMERSEE EG
GENODEF1THH;RAIFFEISENBANK THUENGERSHEIM EG
GENODEF1THS;RAIFFEISENBANK THANNHAUSEN EG
GENODEF1TIE;RAIFFEISENBANK IM LANDKREIS PASSAU-NORD EG
GENODEF1TKI;RAIFFEISENBANK KIRCHBERG V. WALD EG
GENODEF1TOB;RAIFFEISENBANK EG TODENBUETTEL
GENODEF1TRH;RAIFFEISENBANK TUERKHEIM
GENODEF1TRM;RAIFFEISENBANK TROMMETSHEIM EG
GENODEF1TRU;RAIFFEISENBANK TROSTBERG - TRAUNREUT EG
GENODEF1TUS;RAIFFEISEN-VOLKSBANK TUESSLING-UNTERNEUKIRCHEN EG
GENODEF1TWS;EMSLAENDISCHE VOLKSBANK EG
GENODEF1UFG;RAIFFEISENBANK UFFING-OBERSOECHERING EG
GENODEF1UNS;RAIFFEISENBANK UNTERSCHLEISSHEIM-HAIMHAUSEN EG
GENODEF1UPL;RAIFFEISEN-VOLKSBANK EG
GENODEF1URS;RAIFFEISENBANK URSENSOLLEN-AMMERTHAL-HOHENBUR
GENODEF1VAG;VOLKSBANK AHLHORN-GROSSENKNETEN EG
GENODEF1VAR;RAIFFEISEN-VOLKSBANK VAREL-NORDENHAM EG
GENODEF1VBD;VOLKSBANK DARMSTADT - SUEDHESSEN EG
GENODEF1VBV;VR-BANK ISAR-VILS
GENODEF1VDA;VOLKSBANK DASSEL EG
GENODEF1VEC;VOLKSBANK VECHTA EG
GENODEF1VER;VOLKSBANK VERDEN EG
GENODEF1VIR;VOLKSBANK - RAIFFEISENBANK VILSHOFEN
GENODEF1VIS;VOLKSBANK VISBEK
GENODEF1VIT;VOLKSBANK RAIFFEISENBANK EG
GENODEF1VIV;VOLKSBANK VILSHOFEN EG
GENODEF1VK1;DZ BANK FUER DZH DIENSTL.ZENTR. F. HEIL- UND HILFSMITTELANBIETER GMBH
GENODEF1VK2;DZ BANK FUER OPTA DATA ABRECHNUNGS GMBH
GENODEF1VK3;DZ BANK FUER BAUSPARKASSE SCHWAEBISCH HALL AG
GENODEF1VK4;DZ BANK FUER BAUSPARKASSE SCHWAEBISCH HALL AG
GENODEF1VK6;DZ BANK FUER TOP-FOTOGRAFIE HANDELSGESELLSCHAFT RAU MBH
GENODEF1VK7;DZ BANK AG DEUTSCHE ZENTRAL-GENOSSENSCHAFTSBANK
GENODEF1VK8;DZ BANK AG DEUTSCHE ZENTRAL-GENOSSENSCHAFTSBANK
GENODEF1VK9;DZ BANK FUER VR FACTOREM GMBH
GENODEF1VLB;VOLKSBANK LAUENBURG EG
GENODEF1VLM;RAIFFEISENBANK VOLKMARSEN EG
GENODEF1VLP;VOLKSBANK HELMSTEDT EG
GENODEF1VNH;VOLKSBANK NORDHARZ EG
GENODEF1VRR;VOLKSBANK RAIFFEISENBANK ROSENHEIM-CHIEMSEE EG
GENODEF1VSO;VOLKSBANK EG
GENODEF1WAA;RAIFFEISENBANK WALDASCHAFF-HEIGENBRUECKEN EG
GENODEF1WAK;RAIFFEISENBANK WALLGAU-KRUEN EG
GENODEF1WAS;RAIFFEISENBANK EG WASBEK
GENODEF1WBA;RAIFFEISENBANK HEILSBRONN-WINDSBACH EG
GENODEF1WBU;VOLKSBANK VECHELDE-WENDEBURG EG
GENODEF1WB1;VOLKSBANK WITTENBERG EG
GENODEF1WDF;RAIFFEISENBANK EHEKIRCHEN-OBERHAUSEN EG
GENODEF1WDH;VOLKSBANK WILDESHAUSER GEEST EG
GENODEF1WDN;RAIFFEISENBANK-VOLKSBANK WEMDING EG
GENODEF1WDR;RAIFFEISENBANK WERDER/HAVEL EG
GENODEF1WDS;RAIFFEISENBANK BAD WINDSHEIM EG
GENODEF1WED;RAIFFEISENBANK VOLKACHER MAINSCHLEIFE - WIESENTHEID EG
GENODEF1WEF;RAIFFEISENBANK FLACHSMEER EG
GENODEF1WEI;RAIFFEISENBANK WEIL UND UMGEBUNG EG
GENODEF1WEO;RAIFFEISENBANK WEIDEN EG
GENODEF1WER;OSTHARZER VOLKSBANK EG
GENODEF1WEV;VOLKSBANK RAIFFEISENBANK NORDOBERPFALZ
GENODEF1WEW;RAIFFEISENKASSE WESUWE EG
GENODEF1WE1;VR BANK WEIMAR EG
GENODEF1WFN;RAIFFEISENBANK SCHROBENHAUSENER LAND EG
GENODEF1WFV;VOLKSBANK EG
GENODEF1WGO;RAIFFEISENBANK WALD-GOERISRIED EG
GENODEF1WHD;CVW PRIVATBANK AG
GENODEF1WHO;VOLKSBANK BRAMGAU-WITTLAGE EG
GENODEF1WHV;VOLKSBANK WILHELMSHAVEN EG
GENODEF1WIK;VOLKSBANK WITTINGEN-KLOETZE EG
GENODEF1WIM;VOLKSBANK WINSENER MARSCH EG
GENODEF1WKL;RAIFFEISENBANK WINKLARN UND UMGEBUNG EG
GENODEF1WLT;HUEMMLINGER VOLKSBANK EG
GENODEF1WM1;RAIFFEISENBANK WEILHEIM EG
GENODEF1WOB;VOLKSBANK EG BRAUNSCHWEIG WOLFSBURG
GENODEF1WOG;VOLKSBANK VORPOMMERN EG
GENODEF1WOH;RAIFFEISENBANK HESSENNORD EG
GENODEF1WOP;VOLKSBANK WORPSWEDE EG
GENODEF1WOT;VR PLUS ALTMARK-WENDLAND
GENODEF1WOV;VOLKSBANK WOLFSBURG EHM VB VORSFELDE EG
GENODEF1WRE;VOLKSBANK WESTERSTEDE EG
GENODEF1WRH;VOLKSBANK EG WESTRHAUDERFEHN
GENODEF1WRI;RAIFFEISENBANK IM DONAUTAL EG
GENODEF1WRN;RAIFFEISENBANK MECKLENBURGER SEENPLATTE EG
GENODEF1WSD;RAIFFEISENBANK WEGSCHEID EG
GENODEF1WSS;RAIFFEISENBANK IM STIFTLAND EG
GENODEF1WSZ;RAIFFEISENBANK WUESTENSELBITZ EG
GENODEF1WTS;RAIFFEISEN-VOLKSBANK DONAUWOERTH EG
GENODEF1WUL;VOLKSBANK WULFSEN EG
GENODEF1WU1;VOLKSBANK RAIFFEISENBANK WUERZBURG EG
GENODEF1WWA;RAIFFEISENBANK WESTALLGAEU EG
GENODEF1WWM;RAIFFEISENBANK WIESEDERMEER-WIESEDE-MARCARDSMOOR EG
GENODEF1WYK;FOEHR-AMRUMER BANK EG
GENODEF1WZL;VOLKSBANK BOERDE-BERNBURG EG
GENODEF1ZIR;RAIFFEISENBANK BIBERTGRUND EG
GENODEF1ZOR;RAIFFEISENBANK ZORNEDING EG
GENODEF1ZSP;RAIFFEISENBANK SPARNECK-STAMMBACH-ZELL EG
GENODEF1ZTZ;VOLKS-UND RAIFFEISENBANK ZEITZ EG
GENODEF1ZUS;RAIFFEISENBANK AUGSBURGER LAND WEST EG
GENODEF1Z01;VOLKSBANK ZWICKAU EG
GENODEF1503;DZ BANK AG DEUTSCHE ZENTRAL GENOSSENSCHAFTSBANK
GENODEF1815;VOLKSBANK EG
GENODEMS;DZ BANK AG MUENSTER
GENODEM1AHL;VOLKSBANK EG
GENODEM1ALA;VOLKSBANK MAERKISCHEN KREIS EG
GENODEM1ANO;VOLKSBANK IM HOCHSAUERLAND EG
GENODEM1ANR;VOLKSBANK ANROECHTE EG
GENODEM1BAG;BAG BANKAKTIENGESELLSCHAFT
GENODEM1BAU;VOLKSBANK BAUMBERGE EG
GENODEM1BB1;VOLKSBANK WITTGENSTEIN EG
GENODEM1BEK;VOLKSBANK BECKUM ZNDL DER VOLKSBANK BECKUM-LIPPSTADT EG
GENODEM1BFG;SPARKREDITBANK DES BUNDES FR. EVANGELISCHE
GENODEM1BIE;VOLKSBANK BIELEFELD-GUETERSLOH EG
GENODEM1BKC;BANK FUR KIRCHE UND CARITAS EG
GENODEM1BOB;VR-BANK WESTMUENSTERLAND EG
GENODEM1BOC;VOLKSBANK BOCHUM-WITTEN EG
GENODEM1BOG;VOLKSBANK GEMEN EG
GENODEM1BOH;VOLKSBANK BOCHOLT EG
GENODEM1BOT;VEREINIGTE VOLKSBANK EG
GENODEM1BO1;VOLKSBANK BOENEN EG
GENODEM1BRI;VOLKSBANK BRILON, ZNDL DER VOLKSBANK BRILON-BUEREN-SALZKOTTEN EG
GENODEM1BSU;VOLKSBANK BAD SALZUFLEN EG
GENODEM1BTH;VOLKSBANK THUELEN EG
GENODEM1BUL;VOLKSBANK BULDERN NIEDERLASSUNG DER VOLKSBANK NOTTULN EG
GENODEM1BUS;VOLKSBANK BRILON-BUEREN-SALZKOTTEN EG
GENODEM1CAN;VOLKSBANK ASCHEBERG-HERBERN EG
GENODEM1CLL;VOLKSBANK EG
GENODEM1CND;VOLKSBANK LETTE-DARUP-RORUP EG
GENODEM1CNO;VOLKSBANK NOTTULN EG
GENODEM1DKM;DKM DARLEHNSKASSE MUENSTER EG
GENODEM1DLB;VOLKSBANK DELBRUECK-HOEVELHOF EG
GENODEM1DLR;VOLKSBANK IN DER HOHEN MARK EG
GENODEM1DNW;VOLKSBANK DORTMUND-NORDWEST EG
GENODEM1DOR;DORTMUNDER VOLKSBANK EG
GENODEM1DST;VEREINTE VOLKSBANK EG
GENODEM1DWU;VOLKSBANK WULFEN EG
GENODEM1EOW;VOLKSBANK ENNIGER OSTENFELDE-WESTKIRCHEN EG
GENODEM1EPW;VOLKSBANK EISBERGEN EG
GENODEM1ERR;VOLKSBANK ERLE EG
GENODEM1EWB;VOLKSBANK ELSEN-WEWER-BORCHEN EG
GENODEM1FRF;VR-BANK FREUDENBERG-NIEDERFISCHBACH EG
GENODEM1GBE;GENO BANK ESSEN EG
GENODEM1GBU;VOLKSBANK RUHR MITTE EG
GENODEM1GE1;VOLKSBANK GESCHER EG
GENODEM1GLG;VOLKSBANK GREVENBRUK EG -ALT-
GENODEM1GLS;GLS GEMEINSCHAFTSBANK EG
GENODEM1GRN;VOLKSBANK GRONAU-AHAUS EG
GENODEM1GRV;VOLKSBANK GREVEN EG
GENODEM1GTL;VOLKSBANK BIELEFELD-GUETERSLOH EG
GENODEM1HBH;SPAR- UND DARLEHNSKASSE BOCKUM-HOEVEL EG
GENODEM1HEI;VOLKSBANK HEIDEN EG
GENODEM1HFV;VOLKSBANK BAD OEYNHAUSEN-HERFORD EG
GENODEM1HGN;MAERKISCHE BANK EG
GENODEM1HLH;VOLKSBANK HOHENLIMBURG EG
GENODEM1HLT;VOLKSBANK SUEDMUENSTERLAND-MITTE EG
GENODEM1HLW;VOLKSBANK HALLE/WESTF. EG
GENODEM1HOE;VOLKSBANK STOERMEDE-HOERSTE EG
GENODEM1HRL;VOLKSBANK HOERSTEL EG
GENODEM1HUL;VOLKSBANK BIGGE-LENNE EGG
GENODEM1HWI;VOLKSBANK IM OSTMUENSTERLAND EG
GENODEM1IBB;VR-BANK KREIS STEINFURT EG
GENODEM1KIE;VOLKSBANK KIERSPE EG
GENODEM1KIH;VEREINTE VOLKSBANK EG
GENODEM1KWK;VOLKSBANK KAMEN-WERNE EG
GENODEM1LAE;VOLKSBANK LAER EG
GENODEM1LBH;VOLKSBANK LIPPSTADT EG ZNDL BENNINGHAUSEN
GENODEM1LHA;VOLKSBANK LUEDENSCHEID EG
GENODEM1LHN;VOLKSBANK SUEDMUENSTERLAND-MITTE EG
GENODEM1LLE;VOLKSBANK LENGERICH/LOTTE EG
GENODEM1LPS;VOLKSBANK BECKUM-LIPPSTADT EG
GENODEM1LSP;VOLKSBANK SUEDMUENSTERLAND-MITTE EG
GENODEM1LUB;VOLKSBANK LUEBBECKER LAND EG
GENODEM1MAB;VOLKSBANK AMELSBUEREN EG
GENODEM1MAS;VOLKSBANK IM HOCHSAUERLAND EG
GENODEM1MDB;VOLKSBANK MEDEBACH EG
GENODEM1MEN;MENDENER BANK EG
GENODEM1MFD;VOLKSBANK MARIENFELD EG
GENODEM1MND;VOLKSBANK MINDEN EG
GENODEM1MOM;VOLKSBANK MEINERZHAGEN EG
GENODEM1MPW;VOLKSBANK MINDENER LAND EG
GENODEM1MRL;VOLKSBANK MARL-RECKLINGHAUSEN EG
GENODEM1MSC;VEREINIGTE VOLKSBANK MUENSTER EG
GENODEM1MSS;VOLKSBANK SPRAKEL EG
GENODEM1NEH;VOLKSBANK SAUERLAND EG
GENODEM1NRD;VOLKSBANK IN SUEDWESTFALEN EG
GENODEM1OEN;VOLKSBANK OELDE -ENNIGERLOH- NEUBECKUM EG
GENODEM1OLB;VOLKSBANK OSTLIPPE EG
GENODEM1OLP;VOLKSBANK OLPE EG -ALT-
GENODEM1OTR;VOLKSBANK OCHTRUP-LAER EG
GENODEM1RAE;VOLKSBANK RAESFELD EG
GENODEM1RET;VOLKSBANK IM HOCHSAUERLAND EG
GENODEM1RHD;VOLKSBANK RHEDE EG
GENODEM1RKN;VOLKSBANK IN DER HOHEN MARK EG
GENODEM1RNE;VOLKSBANK RIETBERG EG
GENODEM1SAE;VOLKSBANK WESTERKAPPELN-SAERBECK EG
GENODEM1SCN;VOLKSBANK SUEDKIRCHEN-CAPELLE-NORDKIRCHEN EG
GENODEM1SDN;VOLKSBANK SENDEN EG
GENODEM1SEE;VR-BANK KREIS STEINFURT EG
GENODEM1SEM;VOLKSBANK SELM-BORK EG
GENODEM1SGE;VOLKSBANK STOERMEDE-HOERSTE EG
GENODEM1SHS;SPAR-UND DARLEHNSKASSE SCHLOSS HOLTE-STUKENBROCK
GENODEM1SLN;VOLKSBANK SCHLANGEN EG
GENODEM1SMA;VOLKSBANK BIGGE-LENNE EG
GENODEM1SMB;VOLKSBANK SCHERMBECK EG
GENODEM1SNA;VOLKSBANK SCHNATHORST EG
GENODEM1SNS;VOLKSBANK IN SUEDWESTFALEN EG
GENODEM1SOE;VOLKSBANK HELLWEG EG
GENODEM1SPO;VOLKSBANK SPROCKHOEVEL EG
GENODEM1SRL;VOLKSBANK SAUERLAND EG
GENODEM1STM;VEREINIGTE VOLKSBANK EG
GENODEM1STR;VOLKSBANK STEMWEDER BERG EG
GENODEM1VKA;VOLKSBANK KAUNITZ EG
GENODEM1VMD;VOLKSBANK VERSMOLD EG
GENODEM1WAH;VOLKSBANK WEWELSBURG-AHDEN EG
GENODEM1WBG;VEREINIGTE VOLKSBANK EG
GENODEM1WDD;VOLKSBANK OLPE-WENDEN-DROLSHAGEN EG
GENODEM1WDE;VOLKSBANK WESTENHOLZ EG
GENODEM1WKP;VOLKSBANK WESTERKAPPELN-SAERBECK EG
GENODEM1WLM;DZ HYP AG - MUENSTER
GENODEM1WLW;VOLKSBANK EG
GENODEM1WNH;VOLKSBANK HAAREN EG
GENODEM1WRU;VOLKSBANK WICKEDE (RUHR) EG
GENODEM1WST;VOLKSBANK WARSTEIN EG
GENODEM1WTN;VOLKSBANK WITTEN EG
GENODEM1WWW;VOLKSBANK WESTERLOH-WESTERWIEHE EG
GENODESG;DZ BANK AG DEUTSCHE ZENTRAL-GENOSSENSCHAFTSBANK,FRANKFURT AM MAIN (FOR
GENODEST;DZ PRIVATBANK S.A. NIEDERLASSUNG STUTTGART
GENODES1AAU;RAIFFEISENBANK AALEN-UNTERROMBACH EG
GENODES1AAV;VR-BANK OSTALB EG
GENODES1ABR;ABTSGMUENDER BANK -RAIFFEISEN EG
GENODES1AID;RAIFFEISENBANK AIDLINGEN EG
GENODES1ALT;VOLKSBANK ALTENSTEIG EG
GENODES1AMM;VOLKSBANK AMMERBUCH EG
GENODES1AMT;VR-BANK ASPERG-MARKGROENINGEN EG
GENODES1AUL;RAIFFEISENBANK AULENDORF EG
GENODES1BAI;VOLKSBANK BAIERSBRONN EG
GENODES1BAL;VOLKSBANK BALINGEN EG
GENODES1BBF;BERNHAUSER BANK EG
GENODES1BBO;VOLKS- UND RAIFFEISENBANK BAD BOLL EG
GENODES1BBV;VEREINIGTE VOLKSBANK EG
GENODES1BFB;BAIENFURTER BANK EG
GENODES1BGH;RAIFFEISENBANK BERGHUELEN EG
GENODES1BHB;BERKHEIMER BANK EG
GENODES1BIA;VOLKSBANK BEILSTEIN-ILSFELD-ABSTATT EG
GENODES1BLA;VOLKSBANK BLAUBEUREN EG
GENODES1BOE;RAIFFEISENBANK BOELLINGERTAL EG
GENODES1BOS;RB BOESINGEN EG
GENODES1BPF;BOPFINGER BANK SECHTA-RIES EG
GENODES1BRZ;RAIFFEISENBANK HOHENLOHER LAND EG
GENODES1BWB;BAD WALDSEER BANK EG
GENODES1CRV;CRAILSHEIMER VOLKSBANK-ALT-
GENODES1DBE;DETTINGER BANK EG VOLKS- UND RAIFFEISENBANK
GENODES1DEA;RAIFFEISENBANK HEIDENHEIMER ALB EG
GENODES1DEH;VOLKSBANK DETTENHAUSEN EG
GENODES1DEW;RAIFFEISENBANK DEWANGEN EG
GENODES1DGG;VOLKSBANK-RAIFFEISENBANK DEGGINGEN EG
GENODES1DHB;DARMSHEIMER BANK EG
GENODES1DMS;RAIFFEISENBANK DELLMENSINGEN EG
GENODES1DUL;RAIFFEISENBANK DURLANGEN EG
GENODES1EBI;VOLKSBANK ALBSTADT EG
GENODES1ECH;ECHTERDINGER BANK EG
GENODES1EGL;EGLOSHEIMER VOLKSBANK EG
GENODES1EHB;ERLIGHEIMER BANK EG
GENODES1EHI;DONAU-ILLER BANK EG
GENODES1EHN;VR-BANK EHNINGEN-NUFRINGEN
GENODES1EHZ;RAIFFEISENBANK EBERHARDZELL-UMMENDORF EG
GENODES1ELL;VR-BANK ELLWANGEN
GENODES1ERL;RAIFFEISENBANK ERLENBACH EG
GENODES1ERM;RAIFFEISENBANK ERLENMOOS EG
GENODES1ERO;RAIFFEISENBANK ILLERTAL EG
GENODES1ESC;ESCHACHER BANK EG
GENODES1ESI;RAIFFEISENBANK ESSINGEN EG
GENODES1ESS;VOLKSBANK ESSLINGEN EG
GENODES1FAN;VOLKSBANK FREIBERG UND UMGEBUNG EG
GENODES1FBB;FELLBACHER BANK EG
GENODES1FDS;VOLKSBANK EG HORB-FREUDENSTADT
GENODES1FED;FEDERSEEBANK EG
GENODES1FI2;RAIFFEISENBANK STUTTGART EG
GENODES1FRO;RB FRONHOFEN EG
GENODES1GBR;GSCHWENDER BANK -RAIFFEISEN- EG
GENODES1GEI;RAIFFEISENBANK GEISLINGEN-ROSENFELD EG
GENODES1GHB;GEMMRIGHEIMER BANK EG
GENODES1GMB;GENOSSENSCHAFTSBANK MECKENBEUREN EG
GENODES1GWS;GENOSSENSCHAFTSBANK WEIL IM SCHOENBUCH EG
GENODES1HAE;RAIFFEISENBANK HAERTSFELD EG
GENODES1HAR;RAIFFEISENBANK AICHHALDEN HARDT-SULGEN EG
GENODES1HBM;VOLKSBANK HEUBERG EG
GENODES1HDH;HEIDENHEIMER VOLKSBANK EG
GENODES1HEU;RAIFFEISENBANK ROSENSTEIN EG
GENODES1HFB;HEDELFINGER BANK EG
GENODES1HHB;HESSIGHEIMER BANK EG
GENODES1HNG;RB HEILBRONN-NECKARGARTACH EG
GENODES1HON;VR BANK HOHENNEUFFEN-TECK EG
GENODES1HOR;VOLKSBANK HORB EG
GENODES1IBR;RAIFFEISENBANK HOHENLOHER LAND EG
GENODES1IGE;RB IGERSHEIM EG
GENODES1KIB;RAIFFEISENBANK KIRCHHEIM-WALHEIM EG
GENODES1KOR;KORBER BANK EG
GENODES1KRN;KERNER VOLKSBANK EG
GENODES1KWH;KORNWESTHEIMER BANK EG
GENODES1LAB;LAUFENER BANK EG
GENODES1LAI;VOLKSBANK LAICHINGER ALB EG
GENODES1LBG;VOLKSBANK LUDWIGSBURG EG
GENODES1LBK;VR BANK LANGENAU - ULMER ALB EG
GENODES1LEO;VOLKSBANK LEONBERG-STROHGAEU EG
GENODES1LEU;VOLKSBANK ALLGAEU-OBERSCHWABEN EG
GENODES1LEZ;RB LEUZENDORF EG
GENODES1LE1;VOLKSBANK LEONBERG EG
GENODES1LOC;LOECHGAUER BANK EG
GENODES1LOR;LORCHER BANK EG
GENODES1MAG;VR-BANK MAGSTADT-WEISSACH
GENODES1MBI;RB MITTELBIBERACH EG
GENODES1MCH;VOLKSBANK LEONBERG-STROHGAEU EG
GENODES1MDH;MUNDELSHEIMER BANK EG
GENODES1MEH;RAIFFEISENBANK MEHRSTETTEN EG
GENODES1MMO;MURGTALBANK MITTELTAL-OBERTAL EG
GENODES1MTZ;VOLKSBANK ERMSTAL-ALB EG
GENODES1MUN;VOLKSBANK MUENSINGEN
GENODES1NAG;VOLKSBANK NAGOLDTAL EG
GENODES1NHB;VOLKSBANK FILDER EG
GENODES1NUE;VOLKSBANK KIRCHHEIM-NUERTINGEN EG
GENODES1NUF;NUFRINGER BANK - RAIFFEISEN - EG
GENODES1OED;RAIFFEISENBANK OBERESSENDORF EG
GENODES1OGH;RAIFFEISENBANK OGGELSHAUSEN EG
GENODES1OHB;OBERNHEIMER BANK EG
GENODES1ONS;ONSTMETTINGER BANK EG
GENODES1OTE;RAIFFEISENBANK OBERTEURINGEN-MECKENBEUREN
GENODES1OTT;RAIFFEISENBANK OTTENBACH
GENODES1PGW;VOLKSBANK NORDSCHWARZWALD EG
GENODES1PLE;VB FREIBERG-PLEIDELSHEIM EG
GENODES1RAS;RB ROT AM SEE EG
GENODES1RBA;RAIFFEISENBANK NIEDERE ALB EG
GENODES1RBB;RAIFFEISENBANK BOLHEIM EG
GENODES1RBF;RAIFFEISENBANK BLITZENREUTE EG
GENODES1RBH;RB BRETTHEIM-HAUSEN EG
GENODES1RBS;RAIFFEISENBANK BAD SCHUSSENRIED EG
GENODES1RBW;RB BAD WURZACH EG
GENODES1RCW;RAIFFEISENBANK IM KREIS CALW
GENODES1RDF;RB DENKINGEN-FRITTLINGEN EG
GENODES1RDH;RAIFFEISENBANK DONAU - HEUBERG EG
GENODES1RDI;RAIFFEISENBANK DONAU-ILLER EG
GENODES1REH;RAIFFEISENBANK EHINGEN-HOCHSTRAESS EG
GENODES1REM;VOLKSBANK REMSECK EG
GENODES1RFS;RAIFFEISENBANK FRANKENHARDT-STIMPFACH EG
GENODES1RFW;RB FLUORN EG
GENODES1RGF;RAIFFEISENBANK GAMMESFELD EG
GENODES1RGR;RAIFFEISENBANK GRUIBINGEN EG
GENODES1RHB;VR-BANK DORNSTETTEN-HORB EG
GENODES1RHK;VR BANK STEINLACH-WIESAZ-HAERTEN EG
GENODES1RIH;RAIFFEISENBANK INGERSHEIM EG
GENODES1RIN;RAIFFEISENBANK INGOLDINGEN EG
GENODES1RKH;RAIFFEISENBANK KLEINER HEUBERG EG
GENODES1RLG;RB LEINZELL-GOEGGINGEN EG
GENODES1RMA;RAIFFEISENBANK MAITIS EG
GENODES1RMH;RAIFFEISENBANK MASELHEIM-AEPFINGEN EG
GENODES1RML;RAIFFEISENBANK MUTLANGEN EG
GENODES1RMO;RAIFFEISENBANK MOETZINGEN EG
GENODES1RNS;VOLKSBANK BRENZTAL EG
GENODES1ROB;RAIFFEISENBANK OBERES BUEHLERTAL EG
GENODES1ROF;RAIFFEISENBANK OBERSTENFELD EG
GENODES1ROG;RAIFFEISENBANK OBERES GAEU EG
GENODES1RON;RB OBERER NECKAR EG
GENODES1ROW;RAIFFEISENBANK OBERER WALD EG
GENODES1RRE;RAIFFEISENBANK ROTTUM-TAL EG
GENODES1RRG;RAIFFEISENBANK REUTE-GAISBEUREN EG
GENODES1RRI;RAIFFEISENBANK RISSTAL EG
GENODES1RRV;VR BANK RAVENSBURG-WEINGARTEN
GENODES1RSB;RB SPIELBACH EG
GENODES1RSF;RAIFFEISENBANK SONDELFINGEN EG
GENODES1RSH;RB STEINHAUSEN EG
GENODES1RSW;RB IM SCHWAEB WALD EG
GENODES1RTM;RB ROTTUM EG
GENODES1RUW;VR-BANK ALB EG
GENODES1RVA;RAIFFEISENBANK VORDERE ALB EG
GENODES1RVG;RAIFFEISENBANK BUEHLERTAL EG
GENODES1RVS;RAIFFEISENBANK VORDERSTEINENBERG EG
GENODES1RWA;RAIFFEISENBANK WANGEN EG
GENODES1RWM;RAIFFEISENBANK WOLPERTSWENDE-MOCHENWANGEN EG
GENODES1RWN;RAIFFEISENBANK WESTHAUSEN EG
GENODES1RWT;RAIFFEISENBANK WEISSACHER TAL EG
GENODES1SAA;RAIFFEISENBANK EG STEINHEIM
GENODES1SAG;RAIFFEISENBANK BAD SAULGAU EG
GENODES1SBB;RAIFFEISENBANK SCHROZBERG-ROT AM SEE EG
GENODES1SBG;VOLKSBANK SCHWARZWALD-NECKAR EG
GENODES1SCA;SCHARNHAUSER BANK EG
GENODES1SHA;VR BANK SCHWAEBISCH HALL-CRAILSHEIM
GENODES1SLA;RAIFFEISENBANK SCHLAT EG
GENODES1SLG;VOLKSBANK BAD SAULGAU EG
GENODES1STW;VR BANK TUEBINGEN EG
GENODES1SZN;VOLKSBANK SULZ EG
GENODES1TAI;VOLKSBANK TAILFINGEN EG
GENODES1TEC;RAIFFEISENBANK TECK EG
GENODES1TET;VOLKSBANK FRIEDRICHSHAFEN-TETTNANG
GENODES1TRO;VOLKSBANK TROSSINGEN EG
GENODES1TUE;VOLKSBANK TUEBINGEN EG
GENODES1TUN;RAIFFEISENBANK TUENGENTAL EG
GENODES1TUT;VOLKSBANK SCHWARZWALD-DONAU-NECKAR EG
GENODES1UHL;UHLBACHER BANK EG
GENODES1URB;RAIFFEISENBANK URBACH
GENODES1UTV;VOLKSBANK AM WUERTTEMBERG EG
GENODES1VAH;VOLKSBANK ALTSHAUSEN EG
GENODES1VAI;ENZTALBANK EG
GENODES1VBB;VR-BANK NECKAR-ENZ EG
GENODES1VBG;VB GLATTEN-WITTENDORF
GENODES1VBH;VOLKSBANK HERRENBERG-NAGOLD-ROTTENBURG EG
GENODES1VBK;VOLKSBANK BACKNANG
GENODES1VBL;VOLKSBANK RAIFFEISENBANK LAUPHEIM-ILLERTAL EG
GENODES1VBP;VOLKSBANK PLOCHINGEN EG
GENODES1VBR;VOLKSBANK BRACKENHEIM-GUEGLINGEN EG
GENODES1VDL;VOLKSBANK DEISSLINGEN EG
GENODES1VDS;VR-BANK DORNSTETTEN-HORB EG
GENODES1VFN;VOLKSBANK FRIEDRICHSHAFEN EG
GENODES1VFT;VOLKSBANK FLEIN-TALHEIM EG
GENODES1VGD;VOLKSBANK SCHWAEBISCH GMUEND EG
GENODES1VGP;VOLKSBANK GOEPPINGEN EG
GENODES1VHL;VOLKSBANK HOHENLOHE EG
GENODES1VHN;VOLKSBANK HEILBRONN EG
GENODES1VHZ;VOLKSBANK HOHENZOLLERN-BALINGEN EG
GENODES1VLN;VB LAUFFEN-NORDHEIM EG
GENODES1VLS;VBU VOLKSBANK IM UNTERLAND EG
GENODES1VML;VB-RB MURR-LAUTER EG
GENODES1VMN;VOLKSBANK MOECKMUEHL EG
GENODES1VMO;VOLKSBANK MOESSINGEN EG
GENODES1VMT;VOLKSBANK MURGTAL EG
GENODES1VOS;VOLKSBANK SULMTAL EG
GENODES1VRR;VOLKSBANK-RAIFFEISENBANK RIEDLINGEN EG
GENODES1VRW;VOLKSBANK ROTTWEIL EG
GENODES1VVT;VOLKSBANK VORBACH-TAUBER EG
GENODES1VWG;VOLKSBANK WEINGARTEN EG
GENODES1VWN;VOLKSBANK REMS EG
GENODES1WAN;VOLKSBANK ALLGAEU-WEST EG
GENODES1WAR;RAIFFEISENBANK BIBERACH
GENODES1WAT;RB WALDACHTAL EG
GENODES1WBB;WINTERBACHER BANK EG
GENODES1WEL;VOLKSBANK WELZHEIM
GENODES1WES;RAIFFEISENBANK WEISSACH EG
GENODES1WIM;RAIFFEISENBANK WIMSHEIM-MOENSHEIM EG
GENODES1WLB;WINTERLINGER BANK EG
GENODES1WLF;GENOSSENSCHAFTSBANK WOLFSCHLUGEN EG
GENODES1WNS;VR-BANK WEINSTADT EG
GENODES1ZUF;VOLKSBANK ZUFFENHAUSEN EG
GENODE51ABH;RAIFFEISENBANK NOERDLICHE BERGSTRASSE EG
GENODE51ABO;VR BANK ALZEY-LAND-SCHWABENHEIM EG
GENODE51ABT;VOLKSBANK UEBERWALD-GORXHEIMERTAL EG
GENODE51AGR;AGRARBANK
GENODE51AHM;VR BANK EG
GENODE51ALS;VR BANK HESSENLAND EG
GENODE51ARZ;RAIFFEISENBANK EG UNTERWESTERWALD
GENODE51BDH;RAIFFEISENBANK DUEDELSHEIM EG
GENODE51BEC;VOLKSBANK BECHTEIM EG
GENODE51BEX;VOLKS-UND RAIFFEISENBANK SAARPFALZ EG
GENODE51BHE;VR-BANKVEREIN BAD HERSFELD-ROTENBURG EG
GENODE51BH1;RAIFFEISENBANK BAD HOMBURG EG
GENODE51BH2;SPAR- UND KREDITBANK EV-FREIKIRCHL GEMEINDEN
GENODE51BIK;VR BANK LAHN-DILL EG
GENODE51BIS;BISCHOFSHEIMER VOLKSBANK EG
GENODE51BIV;VR BANK FULDA EG
GENODE51BKZ;SPAR- UND DARLEHNSKASSE ZELL EG
GENODE51BUD;BUDENHEIMER VOLKSBANK EG
GENODE51BUE;VOLKSBANK EG
GENODE51BUT;VOLKSBANK BUTZBACH EG
GENODE51CAM;VOLKSBANK GOLDENER GRUND EG
GENODE51COC;VEREINIGTE VOLKSBANK RAIFFEISENBANK EG
GENODE51CRO;CRONBANK AG
GENODE51DAA;VOLKSBANK DAADEN EG
GENODE51DIE;VOLKSBANK RHEIN-LAHN-LIMBURG EG
GENODE51DIL;VOLKSBANK DILL EG
GENODE51DRE;VOLKSBANK DREIEICH EG
GENODE51DSA;VEREINIGTE VOLKSBANK EG SAARLOUIS - LOSHEIM AM SEE- SULZBACH/SAAR
GENODE51EGE;VOLKSBANK EGELSBACH EG
GENODE51ELT;RB RHEINGAU TAUNUS EG
GENODE51EPT;VOLKSBANK EG EPPERTSHAUSEN
GENODE51ERB;RAIFFEISENBANK ERBES-BUEDESHEIM U. UMGEBUNG
GENODE51FEL;VOLKSBANK FELDATAL EG
GENODE51FGH;VOLKSBANK GRIESHEIM EG
GENODE51FHC;VOLKSBANK HOECHST EG
GENODE51FHO;VOLKSBANK WESCHNITZTAL EG
GENODE51FUL;VR BANK FULDA EG
GENODE51GAA;RUESSELSHEIMER VOLKSBANK EG
GENODE51GEL;VR BANK BAD ORB-GELNHAUSEN EG
GENODE51GIN;VOLKSBANK MAINSPITZE EG
GENODE51GRC;VOLKSBANK GREBENHAIN-CRAINFELD EG
GENODE51GRI;VEREINIGTE VOLKSBANK GRIESHEIM-WEITERSTADT EG
GENODE51GRM;RAIFFEISENBANK GROSS-ROHRHEIM EG
GENODE51GWB;RAIFFEISENBANK EG
GENODE51HAM;VOLKSBANK HAMM/SIEG EG
GENODE51HDS;RB HEIDESHEIM EG
GENODE51HER;VOLKSBANK HERBORN-ESCHENBURG EG
GENODE51HGR;VOLKSBANK HOEHR-GRENZHAUSEN EG
GENODE51HHE;VOLKSBANK HEUCHELHEIM EG
GENODE51HSH;VOLKSBANK EG GREBENHAIN
GENODE51HUT;HUETTENBERGER BANK EG
GENODE51IDO;VOLKSBANK-RAIFFEISENBANK NAHELAND EG
GENODE51ING;VR BANK RHEIN-NAHE EG
GENODE51KBH;VOLKSBANK KELSTERBACH EG
GENODE51KEL;VOLKSBANK MAIN-TAUNUS
GENODE51KIF;RAIFFEISENBANK KIRTORF EG
GENODE51KOB;VOLKSBANK RHEINAHREIFEL EG (FORMERLY VOLKSBANK KOBLENZ MITTELRHEIN EG)
GENODE51KRE;VOLKSBANK RHEIN-NAHE-HUNSRUECK EG
GENODE51KS1;VOLKSBANK KASSEL GOETTINGEN EG
GENODE51LAW;RAIFFEISENBANK WALDGIRMES EG
GENODE51LB1;VOLKSBANK LAUTERBACH-SCHLITZ EG
GENODE51LDD;VOLKSBANK LANGENDERNBACH EG
GENODE51LEB;LEVOBANK EG
GENODE51LIM;VEREINIGTE VOLKSBANK EG LIMBURG
GENODE51LOS;(VEREINIGTE VOLKSBANK EG SAARLOUIS - LOSHEIM AM SEE - SULZBACH/SAAR)
GENODE51MBT;VR BANK SAARPFALZ EG
GENODE51MIC;VEREINIGTE VOLKSBANK RAIFFEISENBANK EG
GENODE51MON;VOLKSBANK MONTABAUR-HOEHR-GRENZHAUSEN EG
GENODE51MWA;VOLKSBANK MOERFELDEN-WALLDORF EG
GENODE51MZ2;VR-BANK MAINZ EG
GENODE51MZ4;VB MAINZ-FINTHEN EG
GENODE51MZ5;SPAR- UND KREDITBANK MAINZ-KOSTHEIM EG
GENODE51MZ6;GENOBANK MAINZ EG
GENODE51NIH;VOLKSBANK HELDENBERGEN EG
GENODE51NIS;VOLKSBANK RHEIN-SELZ EG
GENODE51NOH;VOLKSBANK NAHE-SCHAUMBERG EG
GENODE51NWA;RAIFFEISENBANK EG
GENODE51OBH;VEREINIGTE VOLKSBANK MAINGAU
GENODE51OBM;VOLKSBANK OBER-MOERLEN EG
GENODE51OBU;RAIFFEISENBANK OBERURSEL-OBERSTEDTEN
GENODE51OES;RAIFFEISENBANK MITTEL-RHEINGAU EG
GENODE51OF1;OFFENBACHER VOLKSBANK EG
GENODE51OF2;RAIFFEISENBANK OFFENBACH-BIEBER EG
GENODE51ORA;VOLKSBANK MODAU EG
GENODE51RBU;RAIFFEISENBANK RIED EG
GENODE51REI;VOLKSBANK EG GERSPRENTZTAL-OTZBERG
GENODE51REW;LANDBANK HORLOFFTAL EG
GENODE51RGG;RHEINGAUER VOLKSBANK EG
GENODE51RMT;RB MOCKSTADT EG
GENODE51RUS;RUESSELSHEIMER VOLKSBANK EG
GENODE51SBH;VOLKSBANK SCHUPBACH EG
GENODE51SB2;(VEREINIGTE VOLKSBANK EG SAARLOUIS - LOSHEIM AM SEE - SULZBACH/SAAR)
GENODE51SEL;VOLKSBANK SELIGENSTADT EG
GENODE51SHM;RAIFFEISENBANK SCHAAFHEIM EG
GENODE51SLF;(VEREINIGTE VOLKSBANK EG SAARLOUIS - LOSHEIM AM SEE - SULZBACH/SAAR)
GENODE51SLS;(VEREINIGTE VOLKSBANK EG SAARLOUIS - LOSHEIM AM SEE - SULZBACH/SAAR)
GENODE51SLU;VR BANK FULDA EG
GENODE51SWB;RAIFFEISEN-VOLKSBANK EG
GENODE51UBH;VOLKSBANK UEBERHERRN EG
GENODE51ULR;VOLKSBANK EG
GENODE51USI;VOLKSBANK USINGER LAND EG
GENODE51WBH;VOLKSBANK UND RAIFFEISENBANK KINZIGTAL EG
GENODE51WBO;VOLKSBANK BRANDOBERNDORF EG
GENODE51WEM;VOLKSBANK UND RAIFFEISENBANK WEILMUENSTER EG
GENODE51WEN;(BANK 1SAAR EG)
GENODE51WGH;VOLKSBANK GRAEFENHAUSEN EG
GENODE51WIN;RAIFFEISENBANK WIESBADEN EG
GENODE51WNT;RAIFFEISENBANK FRAUENSTEIN EG
GENODE51WWI;VOLKSBANK WISSMAR
GENODE51WW1;WESTERWALD BANK EG
GENODE55;DZ BANK AG DEUTSCHE ZENTRAL-GENOSSENSCHAFTSBANK
GENODE6K;DZ BANK AG DEUTSCHE ZENTRAL-GENOSSENSCHAFTSBANK,FRANKFURT A MAIN (FORM
GENODE61ACH;VOLKSBANK ACHERN
GENODE61ALB;RAIFFEISENBANK DONNERSBERG EG
GENODE61ALR;RAIFFEISENBANK ALTSCHWEIER EG
GENODE61APP;VOLKSBANK OFFENBURG EG
GENODE61AZY;VOLKSBANK ALZEY-WORMS EG
GENODE61BBB;BBBANK EG
GENODE61BHL;VOLKSBANK BUEHL EG
GENODE61BHT;SPAR- UND KREDITBANK BUEHLERTAL EG
GENODE61BIL;RAIFFEISENBANK SUEDLICHE WEINSTRASSE EG
GENODE61BOX;VOLKSBANK BOXBERG EG
GENODE61BSK;VOLKSBANK RHEIN-WEHRA SAECKINGEN EG
GENODE61BTT;VOLKSBANK BRUCHSAL-BRETTEN EG
GENODE61BUC;VOLKSBANK FRANKEN EG
GENODE61BUH;RAIFFEISENBANK BRUCHSAL EG
GENODE61BZA;VR BANK SUEDLICHE WEINSTRASSE-WASGAU EG
GENODE61DAC;SPAR- UND KREDITBANK DAUCHINGEN EG
GENODE61DAH;RAIFFEISEN- UND VOLKSBANK DAHN EG
GENODE61DEN;RAIFFEISENBANK DENZLINGEN-SEXAU EG
GENODE61DET;RAIFFEISENBANK HARDT-BRUHRAIN EG
GENODE61DUR;RAIFFEISENBANK SUEDHARDT EG
GENODE61DUW;VR BANK MITTELHAARDT EG
GENODE61EDH;OBERHAARDTER RAIFFEISENBANK EG
GENODE61EGG;SPAR- UND KREDITBANK HARDT EG
GENODE61EIS;RAIFFEISENBANK EISINGEN EG
GENODE61EKO;VOLKSBANK RAIFFEISENBANK EG EDENKOBEN
GENODE61ELZ;RAIFFEISENBANK EG ELZTAL
GENODE61EMM;VOLKSBANK BREISGAU NORD EG
GENODE61ENG;VOLKSBANK EG
GENODE61ERS;RAIFFEISENBANK ERSINGEN EG
GENODE61ETT;VOLKSBANK ETTLINGEN EG
GENODE61FHR;RAIFFEISENBANK FRIEDELSHEIM-ROEDERSHEIM EG
GENODE61FR1;VOLKSBANK FREIBURG EG
GENODE61FSH;RAIFFEISENBANK FREINSHEIM EG
GENODE61GLM;VOLKSBANK GLAN-MUENCHWEILER EG
GENODE61GRU;VOLKSBANK GRUENSTADT EG
GENODE61GUN;RAIFFEISENBANK EG
GENODE61HAG;HAGNAUER VOLKSBANK EG
GENODE61HD1;HEIDELBERGER VOLKSBANK EG
GENODE61HD3;VOLKSBANK KURPFALZ EG
GENODE61HED;RB HEDDESHEIM EG
GENODE61HXH;RAIFFEISENBANK HERXHEIM EG
GENODE61IFF;VR - BANK IN MITTELBADEN EG
GENODE61IHR;VOLKSBANK BREISGAU-MARKGRAEFLERLAND EG
GENODE61KA1;VOLKSBANK KARLSRUHE
GENODE61KA3;SPAR- UND KREDITBANK EG
GENODE61KBR;RAIFFEISENBANK KIESELBRONN EG
GENODE61KBS;VOLKSBANK STEIN EISINGEN EG
GENODE61KGR;RAIFFEISENBANK KAPPEL-GRAFENHAUESEN EG
GENODE61KIR;VOLKSBANK KRAICHGAU EG
GENODE61KL1;VOLKSBANK KAISERSLAUTERN EG
GENODE61KTH;VOLKSBANK KRAUTHEIM EG
GENODE61KZT;VOLKSBANK MITTLERER SCHWARZWALD
GENODE61LAH;VOLKSBANK LAHR EG
GENODE61LAN;VR-BANK WESTPFALZ LANDSTUHL
GENODE61LBS;VEREINIGTE VR BANK KUR- UND RHEINPFALZ EG
GENODE61LEK;VOLKSBANK LAUTERECKEN EG
GENODE61LMB;VOLKSBANK LIMBACH EG
GENODE61LRO;VOLKSBANK ROT EG
GENODE61MA2;VR BANK RHEIN-NECKAR EG
GENODE61MA3;VOLKSBANK SANDHOFEN EG
GENODE61MES;VOLKSBANK MESSKIRCH EG
GENODE61MGN;RB SUEDL SCHWARZWALD EG
GENODE61MHL;VOLKSBANK MUELLHEIM EG
GENODE61MHR;VOLKSBANK EG
GENODE61MOS;VOLKSBANK EG MOSBACH
GENODE61NBT;RAIFFEISENBANK BAUSCHLOTT EG
GENODE61NEU;RAIFFEISENBANK NEUDENAU-STEIN HERBOLZHEIM EG
GENODE61NFO;VR BANK IM ENZKREIS EG
GENODE61NGD;VOLKSBANK NECKARTAL EG
GENODE61OB1;VR-BANK NORDWESTPFALZ EG
GENODE61OG1;VOLKSBANK IN DER ORTENAU EG
GENODE61ORH;VOLKSBANK BRUHRAIN-KRAICH-HARDT EG
GENODE61PFD;VOLKSBANK PFULLENDORF EG
GENODE61PS1;VR-BANK PIRMASENS
GENODE61RAD;VOLKSBANK KONSTANZ EG
GENODE61RH2;SPAR- UND KREDITBANK RHEINSTETTEN EG
GENODE61RNG;VOLKSBANK KIRNAU EG
GENODE61ROA;VR-BANK SUEDWESTPFALZ PIRMASENS-ZWEIBRUECKEN EG
GENODE61ROC;RB ROCKENHAUSEN EG
GENODE61SIN;VOLKSBANK HEGAU EG
GENODE61SOB;RB SCHEFFLENZ-SECKACH EG
GENODE61SPE;VEREINIGTE VR BANK KUR- UND RHEINPFALZ EG
GENODE61SPF;VR-BANK
GENODE61SSH;VOLKSBANK KRAICHGAU EG
GENODE61STF;VOLKSBANK STAUFEN EG
GENODE61STN;VOLKSBANK STEISSLINGEN EG
GENODE61SUW;VR BANK SUEDPFALZ EG
GENODE61TRI;VOLKSBANK TRIBERG EG
GENODE61UBE;VOLKSBANK EG
GENODE61VOK;RAIFFEISENBANK KAISERSTUHL EG
GENODE61VS1;VOLKSBANK EG
GENODE61WGA;VOLKSBANK STUTENSEE-WEINGARTEN EG
GENODE61WIB;RAIFFEISEN PRIVATBANK EG
GENODE61WIE;VOLKSBANK KRAICHGAU EG
GENODE61WIR;VR BANK ENZ PLUS
GENODE61WNM;VOLKSBANK WEINHEIM EG
GENODE61WO1;VOLKSBANK WORMS-WONNEGAU EG
GENODE61WTH;VOLKSBANK MAIN-TAUBER EG
GENODE61WT1;VOLKSBANK HOCHRHEIN EG
GENODE61WUT;VOLKSBANK KLETTGAU-WUTOESCHINGEN EG
GENODE61WYH;RAIFFEISENBANK WYHL EG
GGABDE31;GEFA BANK GMBH
GMGGDE51;OPEL BANK GMBH
GOGODEH1;GOYER AND GOEPPEL KG
GOPSDE6G;KREISSPARKASSE GOEPPINGEN
GREBDEH1;GRENKE BANK AG
HALLDE2H;BANKHAUS HALLBAUM AG
HANDDEFF;SVENSKA HANDELSBANKEN AB (PUBL), NIEDERLASSUNG FRANKFURT
HASPDEHH;HAMBURGER SPARKASSE AG
HAUKDEFF;HAUCK UND AUFHAEUSER PRIVATBANKIERS KGAA
HEISDE66;KREISSPARKASSE HEILBRONN
HELADEFF;LANDESBANK HESSEN-THUERINGEN GIROZENTRALE
HELADEF1ALT;SPARKASSE ALTENBURGER LAND
HELADEF1BAT;SPARKASSE BATTENBERG
HELADEF1BEN;SPARKASSE BENSHEIM
HELADEF1BOR;STADTSPARKASSE BORKEN
HELADEF1DAS;STADT- UND KREISSPARKASSE DARMSTADT
HELADEF1DIE;SPARKASSE DIEBURG
HELADEF1DIL;SPARKASSE DILLENBURG
HELADEF1EIC;KREISSPARKASSE EICHSFELD
HELADEF1ERB;SPARKASSE ODENWALDKREIS
HELADEF1ESW;SPARKASSE WERRA-MEISSNER
HELADEF1FDS;SPARKASSE FULDA
HELADEF1FEL;STADTSPARKASSE FELSBERG
HELADEF1FRI;SPARKASSE OBERHESSEN
HELADEF1GEL;KREISSPARKASSE GELNHAUSEN
HELADEF1GER;SPARKASSE GERA-GREIZ
HELADEF1GRE;STADTSPARKASSE GREBENSTEIN
HELADEF1GRG;KREISSPARKASSE GROSS-GERAU
HELADEF1GRU;SPARKASSE GRUENBERG
HELADEF1GTH;KREISSPARKASSE GOTHA
HELADEF1HAN;SPARKASSE HANAU
HELADEF1HEP;SPARKASSE STARKENBURG
HELADEF1HER;SPARKASSE BAD HERSFELD-ROTENBURG
HELADEF1HIL;KREISSPARKASSE HILDBURGHAUSEN
HELADEF1ILK;SPARKASSE ARNSTADT-ILMENAU
HELADEF1JEN;SPARKASSE JENA-SAALE-HOLZLAND
HELADEF1KAS;KASSELER SPARKASSE
HELADEF1KOR;SPARKASSE WALDECK-FRANKENBERG
HELADEF1KYF;KYFFHAEUSERSPARKASSE ARTERN/SONDERSHAUSEN
HELADEF1LAU;SPARKASSE LAUBACH - HUNGEN
HELADEF1LIM;KREISSPARKASSE LIMBURG
HELADEF1MAR;SPARKASSE MARBURG-BIEDENKOPF
HELADEF1MEG;KREISSPARKASSE SCHWALM-EDER
HELADEF1MUE;SPARKASSE UNSTRUT-HAINICH
HELADEF1NOR;KREISSPARKASSE NORDHAUSEN
HELADEF1OFF;STAEDTISCHE SPARKASSE OFFENBACH
HELADEF1RRS;RHOEN-RENNSTEIG-SPARKASSE
HELADEF1SAR;KREISSPARKASSE SAALFELD-RUDOLSTADT
HELADEF1SLS;SPARKASSE LANGEN-SELIGENSTADT
HELADEF1SLU;KREISSPARKASSE SCHLUECHTERN
HELADEF1SOK;KREISSPARKASSE SAALE-ORLA
HELADEF1SON;SPARKASSE SONNEBERG
HELADEF1SWA;STADTSPARKASSE SCHWALMSTADT
HELADEF1TSK;TAUNUS-SPARKASSE
HELADEF1WAK;WARTBURG-SPARKASSE
HELADEF1WEI;KREISSPARKASSE WEILBURG
HELADEF1WEM;SPARKASSE MITTELTHUERINGEN
HELADEF1WET;SPARKASSE WETZLAR
HELADEF1822;FRANKFURTER SPARKASSE
HERZDEM1;BANKHAUS HERZOGPARK AG
HKBBDEF1FRA;HKB BANK GMBH
HOEBDE61;HOERNER-BANK AKTIENGESELLSCHAFT
HOLVDEB1;HOLVI PAYMENT SERVICES OY ZWG DEUTSCHLAND
HRBKDE51;GE CAPITAL BANK AG
HSHNDEHH;HSH NORDBANK AG
HSTBDEHH;HANSEATIC BANK GMBH AND CO KG
HYVEDEMM;UNICREDIT BANK AG (HYPOVEREINSBANK)
IBBBDEBB;INVESTITIONSBANK BERLIN
IBBFDE81;INTERNATIONALES BANKHAUS BODENSEE AKTIENGESELLSCHAFT
IBKBDES1;IBM DEUTSCHLAND KREDITBANK GESELLSCHAFT MIT BESCHRANKTER HAFTUNG
ICBKDEFF;INDUSTRIAL AND COMMERCIAL BANK OF CHINA LTD.
ICBVDEFF;VIETNAM JOINT STOCK COMMERCIAL BANK FOR INDUSTRY AND TRADE (VIETIN BAN
ICICDEFF;ICICI BANK UK PLC
IKBDDEDD;IKB DEUTSCHE INDUSTRIEBANK AG
ILBXDE8X;INVESTITIONSBANK DES LANDES BRANDEN BURG
IMMODE5M;WESTDEUTSCHE IMMOBILIENBANK AG
INGBDEFF;ING-DIBA AG (COMMERCIAL BANKING)
INGDDEFF;ING-DIBA AG (RETAIL BANKING)
INVODEF2;KOMMUNALKREDIT AUSTRIA AG DEUTSCHLAND
IRVTDEFX;THE BANK OF NEW YORK MELLON, FRANKFURT BRANCH
ISBKDEFX;ISBANK AG
ISBRDE55;INVESTITIONS- UND STRUKTURBANK RHEINLAND-PFALZ (ISB) GMBH
JPMGDEFF;J.P. MORGAN INTERNATIONAL BANK
JYBADEHH;JYSKE BANK A/S, HAMBURG BRANCH
KARSDE66;SPARKASSE KARLSRUHE
KFWIDEFF;KREDITANSTALT FUR WIEDERAUFBAU
KHMIDEMM;MIDDLE EAST BANK, MUNICH BRANCH
KOEXDEFA;KOREA EXCHANGE BANK (DEUTSCHLAND) AG
KREDDEDD;KBC BANK NV NIEDERLASSUNG DEUTSCHLAND
KRHADE21;SPARKASSE HANNOVER
KRSADE55;KREISSPARKASSE SAARLOUIS
KTAGDEFF;KT BANK AG
LAMPDEDD;BANKHAUS LAMPE KG
LAREDEFF;LANDWIRTSCHAFTLICHE RENTENBANK
LBSODEB1;LBS OSTDEUTSCHE LANDESBAUSPARKASSE AKTIENGESELLSCHAFT
LBSWDE31;LBS WESTDEUTSCHE LANDESBAUSPARKASSE
LENZDEM1;BANKHAUS AUGUST LENZ AND CO. AKTIENGESELLSCHAFT
LFFBDEMM;LFA FOERDERBANK BAYERN
LKBWDE6K;LANDESKREDITBANK BADEN-WUERTTEMBERG - FOERDERBANK
LOEBDEBB;BANKHAUS LOEBBECKE AG
LRFSDE31;FORD BANK GMBH
LUHSDE6A;SPARKASSE VORDERPFALZ
MACODEB1;WESTEND BANK AG
MALADE51AHR;KREISSPARKASSE AHRWEILER
MALADE51AKI;SPARKASSE WESTERWALD-SIEG
MALADE51BIT;KREISSPARKASSE BITBURG - PRUEM
MALADE51BKS;SPARKASSE MITTELMOSEL EIFEL MOSEL HUNSRUECK
MALADE51BMB;KREISSPARKASSE WESTERWALD
MALADE51COC;SPARKASSE MITTELMOSEL - EIFEL MOSEL HUNSRUECK
MALADE51DAU;KREISSPARKASSE VULKANEIFEL
MALADE51DKH;SPARKASSE RHEIN-HAARDT
MALADE51EMZ;LANDESBANK RHEINLAND-PFALZ
MALADE51KAD;SPARKASSE GERMERSHEIM - KANDEL
MALADE51KLK;KREISSPARKASSE KAISERSLAUTERN
MALADE51KLS;STADTSPARKASSE KAISERSLAUTERN
MALADE51KOB;SPARKASSE KOBLENZ
MALADE51KRE;SPARKASSE RHEIN-NAHE
MALADE51KUS;KREISSPARKASSE KUSEL
MALADE51LAS;STADTSPARKASSE LANDSTUHL
MALADE51LUH;KREISSPARKASSE-RHEIN-PFALZ
MALADE51MNZ;SPARKASSE MAINZ
MALADE51MYN;KREISSPARKASSE MAYEN
MALADE51NWD;SPARKASSE NEUWIED
MALADE51ROK;SPARKASSE DONNERSBERG
MALADE51SIM;KREISSPARKASSE RHEIN - HUNSRUECK
MALADE51SI5;Landesbank Rheinland-Pfalz
MALADE51SPY;KREIS- UND STADTSPARKASSE SPEYER
MALADE51SWP;SPARKASSE SUEDWESTPFALZ
MALADE51WOR;SPARKASSE WORMS-ALZEY-RIED
MANSDE61;SPARKASSE RHEIN NECKAR NORD
MANSDE66;SPARKASSE RHEIN NECKAR NORD
MARBDE6G;BANKHAUS GEBR. MARTIN AKTIENGESELLSCHAFT
MARKDEFFXXX;DEUTSCHE BUNDESBANK, ZENTRALE
MARKDEF1100;DEUTSCHE BUNDESBANK
MARKDEF1130;DEUTSCHE BUNDESBANK
MARKDEF1150;DEUTSCHE BUNDESBANK
MARKDEF1200;DEUTSCHE BUNDESBANK
MARKDEF1210;DEUTSCHE BUNDESBANK
MARKDEF1230;DEUTSCHE BUNDESBANK
MARKDEF1250;DEUTSCHE BUNDESBANK
MARKDEF1260;DEUTSCHE BUNDESBANK
MARKDEF1265;DEUTSCHE BUNDESBANK
MARKDEF1280;DEUTSCHE BUNDESBANK
MARKDEF1290;DEUTSCHE BUNDESBANK
MARKDEF1300;DEUTSCHE BUNDESBANK
MARKDEF1360;DEUTSCHE BUNDESBANK
MARKDEF1370;DEUTSCHE BUNDESBANK
MARKDEF1430;DEUTSCHE BUNDESBANK
MARKDEF1440;DEUTSCHE BUNDESBANK
MARKDEF1450;DEUTSCHE BUNDESBANK
MARKDEF1480;DEUTSCHE BUNDESBANK
MARKDEF1500;DEUTSCHE BUNDESBANK
MARKDEF1513;DEUTSCHE BUNDESBANK
MARKDEF1545;DEUTSCHE BUNDESBANK
MARKDEF1550;DEUTSCHE BUNDESBANK
MARKDEF1570;DEUTSCHE BUNDESBANK
MARKDEF1590;DEUTSCHE BUNDESBANK
MARKDEF1600;DEUTSCHE BUNDESBANK
MARKDEF1630;DEUTSCHE BUNDESBANK
MARKDEF1640;DEUTSCHE BUNDESBANK
MARKDEF1660;DEUTSCHE BUNDESBANK
MARKDEF1680;DEUTSCHE BUNDESBANK
MARKDEF1694;DEUTSCHE BUNDESBANK
MARKDEF1700;DEUTSCHE BUNDESBANK
MARKDEF1720;DEUTSCHE BUNDESBANK
MARKDEF1750;DEUTSCHE BUNDESBANK
MARKDEF1760;DEUTSCHE BUNDESBANK
MARKDEF1773;DEUTSCHE BUNDESBANK
MARKDEF1790;DEUTSCHE BUNDESBANK
MARKDEF1810;DEUTSCHE BUNDESBANK
MARKDEF1820;DEUTSCHE BUNDESBANK
MARKDEF1850;DEUTSCHE BUNDESBANK
MARKDEF1855;DEUTSCHE BUNDESBANK EH BAUTZEN
MARKDEF1860;DEUTSCHE BUNDESBANK
MARKDEF1870;DEUTSCHE BUNDESBANK
MARKDEF1900;DEUTSCHE BUNDESBANK, ZENTRALE
MCRDDEHH;MARCARD, STEIN UND CO.
MEBEDE6SDCB;MERCEDES-BENZ BANK AG
MEFIDEMM;MERCK FINCK PRIVATBANKIERS AG
MEGHDE81;MEDISERV GMBH
MELIDEHH;BANK MELLI IRAN
MERZDE55;SPARKASSE MERZIG-WADERN
METZDEFF;METZLER B. SEEL. SOHN UND CO. KOMMANDITGESELLSCHAFT AUF AKTIEN
MGLSDE33;STADTSPARKASSE MOENCHENGLADBACH
MHBFDEFF;RAISIN BANK AG
MHBFDE21;RAISIN BANK AG
MHCBDEDD;MIZUHO BANK, LTD. DUESSELDORF BRANCH
MHSBDEHB;MAX HEINR. SUTOR OHG
MHYPDEMM;MUENCHENER HYPOTHEKENBANK E.G.
MIBEDEFF;MISR BANK-EUROPE GMBH
MKBKDE51;MMV BANK GMBH
MLBKDEH1;MUENSTERLANDISCHE BANK THIE AND CO. KG
MLBKDE3M;MUNSTERLANDISCHE BANK THIE AND CO. KG
MLPBDE61;MLP BANKING AG
MMWHDEH1;M.M.WARBURG AND CO HYPOTHEKENBANK AKTIENGESELLSCHAFT
MNBIDEF1;BANK OF AMERICA, N.A. MILITARY BANK
MVBMDE51028;MAINZER VOLKSBANK E.G.
MVBMDE51050;MAINZER VOLKSBANK E.G.
MVBMDE51064;MAINZER VOLKSBANK E.G.
MVBMDE51065;MAINZER VOLKSBANK E.G.
MVBMDE51068;MAINZER VOLKSBANK E.G.
MVBMDE51088;MAINZER VOLKSBANK E.G.
MVBMDE51094;MAINZER VOLKSBANK E.G.
MVBMDE55;MAINZER VOLKSBANK E.G.
NASSDE55;NASSAUISCHE SPARKASSE
NATXDEFF;NATIXIS ZWEIGNIEDERLASSUNG DEUTSCHLAND
NATXDEFP;NATIXIS PFANDBRIEFBANK AG
NBAGDE3E;NATIONAL-BANK AG
NBPADEFF;NATIONAL BANK OF PAKISTAN, FRANKFURT
NDEADEFF;NORDEA BANK ABP FRANKFURT BRANCH
NEELDE22;BANKHAUS NEELMEYER AG
NFHBDE21;NORDFINANZ BANK AKTIENGESELLSCHAFT
NOLADEHAFI1;NordLB Kommunikations-BIC Niedersachsen
NOLADEHAFI4;NordLB Kommunikations-BIC Schleswig-Holstein
NOLADEHAFI5;NordLB Kommunikations-BIC Sachsen-Anhalt
NOLADEHAFI6;NordLB Kommunikations-BIC Mecklenburg-Vorpommern
NOLADE2H;NORDDEUTSCHE LANDESBANK GIROZENTRALE
NOLADE21BAH;STADTSPARKASSE BARSINGHAUSEN
NOLADE21BDF;SPARKASSE MITTELHOLSTEIN AG
NOLADE21BEB;KREISSPARKASSE BERSENBRUECK
NOLADE21BLK;SPARKASSE BURGENLANDKREIS
NOLADE21BOR;BORDESHOLMER SPARKASSE AG
NOLADE21BRD;SPAR- UND LEIHKASSE ZU BREDSTEDT
NOLADE21BTF;KREISSPARKASSE ANHALT-BITTERFELD
NOLADE21BUF;STADTSPARKASSE BURGDORF
NOLADE21CEL;SPARKASSE CELLE-GIFHORN-WOLFSBURG
NOLADE21CLZ;SPARKASSE HILDESHEIM GOSLAR PEINE
NOLADE21CMV;NORDDEUTSCHE LANDESBANK GIROZENTRALE
NOLADE21CSH;FINANZ INFORMATIK
NOLADE21DAN;SPARKASSE UELZEN LUECHOW-DANNENBERG
NOLADE21DES;STADTSPARKASSE DESSAU
NOLADE21DUD;SPARKASSE DUDERSTADT
NOLADE21DVS;FINANZ INFORMATIK
NOLADE21ECK;FOERDE SPARKASSE
NOLADE21EIL;SPARKASSE MANSFELD SUEDHARZ
NOLADE21EIN;SPARKASSE EINBECK
NOLADE21ELH;SPARKASSE ELMSHORN
NOLADE21EMS;SPARKASSE EMSLAND, MEPPEN
NOLADE21GFW;SPARKASSE CELLE-GIFHORN-WOLFSBURG
NOLADE21GOE;SPARKASSE GOETTINGEN
NOLADE21GRW;SPARKASSE VORPOMMERN
NOLADE21GSL;SPARKASSE HILDESHEIM GOSLAR PEINE
NOLADE21HAL;SAALESPARKASSE
NOLADE21HAM;SPARKASSE HARBURG-BUXTEHUDE
NOLADE21HDL;KREISSPARKASSE BOERDE
NOLADE21HIK;SPARKASSE HILDESHEIM
NOLADE21HIS;SPARKASSE HILDESHEIM GOSLAR PEINE
NOLADE21HMS;SPARKASSE HAMELN-WESERBERGLAND
NOLADE21HMU;KREIS - UND STADTSPARKASSE MUENDEN
NOLADE21HOL;SPARKASSE HOLSTEIN
NOLADE21HRZ;HARZSPARKASSE
NOLADE21HWS;SPARKASSE WESTHOLSTEIN
NOLADE21HZB;SPARKASSE OSTERODE AM HARZ
NOLADE21JEL;SPARKASSE JERICHOWER LAND
NOLADE21KIE;FOERDE SPARKASSE
NOLADE21KOT;KREISSPARKASSE ANHALT-BITTERFELD
NOLADE21LBG;SPARKASSE LUENEBURG
NOLADE21LBS;LBS NORDDEUTSCHE LANDESBAUSPARKASSE
NOLADE21LWL;SPARKASSE MECKLENBURG-SCHWERIN
NOLADE21MDG;STADTSPARKASSE MAGDEBURG
NOLADE21MEL;KREISSPARKASSE MELLE
NOLADE21MQU;SAALESPARKASSE
NOLADE21MST;SPARKASSE MECKLENBURG-STRELITZ
NOLADE21NBS;SPARKASSE NEUBRANDENBURG-DEMMIN
NOLADE21NIB;SPARKASSE NIENBURG
NOLADE21NOH;KREISSPARKASSE GRAFSCHAFT BENTHEIM
NOLADE21NOM;KREISSPARKASSE NORTHEIM
NOLADE21NOS;NORD-OSTSEE SPARKASSE
NOLADE21OHA;SPARKASSE OSTERODE AM HARZ
NOLADE21PCH;SPARKASSE PARCHIM-LUEBZ
NOLADE21PEI;SPARKASSE HILDESHEIM GOSLAR PEINE
NOLADE21PLN;FOERDE SPARKASSE
NOLADE21PMT;STADTSPARKASSE BAD PYRMONT
NOLADE21PSW;SPARKASSE UECKER-RANDOW
NOLADE21RDB;SPARKASSE MITTELHOLSTEIN AG
NOLADE21ROS;OSTSEESPARKASSE ROSTOCK
NOLADE21RUE;SPARKASSE VORPOMMERN
NOLADE21RZB;KREISSPARKASSE HERZOGTUM LAUENBURG
NOLADE21SAC;STADTSPARKASSE BAD SACHSA
NOLADE21SAW;SPARKASSE ALTMARK WEST
NOLADE21SDL;KREISSPARKASSE STENDAL
NOLADE21SES;SALZLANDSPARKASSE
NOLADE21SHG;SPARKASSE SCHAUMBURG
NOLADE21SHO;SPARKASSE SUEDHOLSTEIN
NOLADE21SNS;SPARKASSE MECKLENBURG-SCHWERIN
NOLADE21SOL;KREISSPARKASSE SOLTAU
NOLADE21SPL;SPARKASSE ZU LUEBECK AG
NOLADE21STK;KREISSPARKASSE STADE
NOLADE21STS;SPARKASSE STADE-ALTES LAND
NOLADE21SWB;SPARKASSE HAMELN-WESERBERGLAND
NOLADE21SZG;SPARKASSE HILDESHEIM GOSLAR PEINE
NOLADE21UEL;SPARKASSE UELZEN LUECHOW-DANNENBERG
NOLADE21WAL;KREISSPARKASSE FALLINGBOSTEL
NOLADE21WBL;SPARKASSE WITTENBERG
NOLADE21WEB;SPARKASSE MITTELHOLSTEIN AG
NOLADE21WED;STADTSPARKASSE WEDEL
NOLADE21WHO;SPARKASSE WESTHOLSTEIN
NOLADE21WIS;SPARKASSE MECKLENBURG-NORDWEST
NOLADE21WRN;SPARKASSE MUERITZ
NOLADE21WSF;SPARKASSE BURGENLANDKREIS
NOLADE21WST;STADTSPARKASSE WUNSTORF
NOLADE21ZER;KREISSPARKASSE ANHALT-BITTERFELD
NOLADE22;SPARKASSE OSNABRUECK
NORSDE51;NORISBANK GMBH
NORSDE71;NORISBANK GMBH
NRWBDEDM;NRW. BANK
NTSBDEB1;N26 BANK GMBH
NZFMDEF1;NIBC BANK N.V. ZWEIGNIEDERLASSUNG FRANKFURT AM MAIN
OASPDE6A;KREISSPARKASSE OSTALB
OBKLDEMX;OBERBANK AG
OLBODEH2;OLDENBURGISCHE LANDESBANK AG
OSCBDEH1;OTTO M. SCHROEDER BANK AKTIENGESELLSCHAFT
OSDDDE81;OSTSACHSISCHE SPARKASSE DRESDEN
OWHBDEFF;VTB BANK (EUROPE) SE
OYAKDE5K;OYAK ANKER BANK GMBH
PAGMDEM1;PAYCENTER GMBH
PARBDEFF;BNP PARIBAS SECURITIES SERVICES, GERMANY
PBNKDEFF;DB PRIVAT- UND FIRMENKUNDENBANK AG (POSTBANK)
PCBCDEFF;CHINA CONSTRUCTION BANK
PICTDEFF;PICTET AND CIE (EUROPE) S.A. NIEDERLASSUNG FRANKFURT
PLFGDE5AIKB;IKANO BANK AB (PUBL), ZWEIGNIEDERLASSUNG DEUTSCHLAND
PLUMDE29;BANKHAUS CARL F. PLUMP AND CO
PORTDEDD;PORTIGON AG
PRCBDEFF;PROCREDIT BANK AG
PULSDEDD;S BROKER AG
PULSDE5W;S BROKER AG AND CO KG
PZHSDE66;SPARKASSE PFORZHEIM CALW
QLCKDED1;EASYBANK AG NIEDERLASSUNG DEUTSCHLAND
QUBADE71;BSQ BAUSPAR AG
QUBKDEBB;QUIRIN PRIVATBANK AG
RABODEFF;RABOBANK INTERNATIONAL
RABODEFFDIR;RABOBANK FRANKFURT
RBMFDEF1;RAIFFEISENBANK MAINTAL NDL. D. FRANKFURTER VB
RCIDDE3NPAY;RCI BANQUE S.A. NIEDERLASSUNG DEUTSCHLAND
REBMDEMMCPM;DEUTSCHE PFANDBRIEFBANK AG
REBMDEMMCPP;DEUTSCHE PFANDBRIEFBANK AG
REBMDEMMXXX;DEUTSCHE PFANDBRIEFBANK AG
REBMDEMM555;DEUTSCHE PFANDBRIEFBANK AG
REBMDE7C;DEUTSCHE PFANDBRIEFBANK AG COVERPOOL
RZOODE77;RAIFFEISENLANDESBANK OBEROESTERREICH AKTIENGESELLSCHAFT ZWEIGNIEDERLAS
RZTIDE71;RAIFFEISEN-LANDESBANK TIROL AG ZWEIGNIEDERLASSUNG JUNGHOLZ
SABADE5S;BANK 1 SAAR EG
SABDDE81;SACHSISCHE AUFBAUBANK - FOERDERBANK
SABUDES1;RSB RETAIL + SERVICE BANK GMBH
SABUDE6S;RSB RETAIL AND SERVICE BANK GMBH (PREV.:SABU SCHUH AND MARKETING GMBH)
SAKSDE55;SPARKASSE SAARBRUECKEN
SALADE51HOM;KREISSPARKASSE SAARPFALZ/HOMBURG/SAAR
SALADE51NKS;SPARKASSE NEUNKIRCHEN/SAAR
SALADE51VKS;STADTSPARKASSE VOELKLINGEN
SALADE51WND;KREISSPARKASSE ST. WENDEL
SALADE55;LANDESBANK SAAR
SBCRDE66;KREISSPARKASSE BIBERACH
SBINDEFF;STATE BANK OF INDIA
SBOSDEMX;STATE STREET BANK INTERNATIONAL GMBH
SBREDE22;SPARKASSE BREMEN AG, DIE
SCBLDEFX;STANDARD CHARTERED BANK GERMANY BRANCH
SCBLDEF1CBG;STANDARD CHARTERED BANK (GERMANY) GMBH
SCFBDE33;SANTANDER CONSUMER BANK AG
SCHWDESS;SCHWAEBISCHE BANK AKTIENGESELLSCHAFT
SCRUDE51;SERVICE CREDIT UNION
SDUEDE33;SPARKASSE DUEREN
SEATDE21;SEAT BANK GMBH
SECGDEFF;SWISS EURO CLEARING BANK GMBH
SEPBDEFF;BANK SEPAH-IRAN
SEZDDEF1;SBERBANK EUROPE AG ZWEIGNIEDERLASSUNG DEUTSCHLAND
SHBKDEFF;SHINHAN BANK EUROPE GMBH
SIBADEMM;SIEMENS BANK GMBH
SIBSDEHH;SIGNAL IDUNA BAUSPAR AG
SIHRDEH1FFM;BANK SADERAT IRAN FRANKFURT BRANCH
SIHRDEH1HAM;BANK SADERAT IRAN HAMBURG BRANCH
SIKBDE55;SIKB AG-SAARLAENDISCHE INVESTITIONSKREDIT-BANK AG
SKGIDE5F;SPARKASSE GIESSEN
SKHRDE6W;SPARKASSE HOCHRHEIN
SKLODE66;SPARKASSE LOERRACH-RHEINFELDEN
SKODDE21;SKODA BANK
SKPADEB1;LANDESBANK BERLIN AG-S-KREDITPARTNER
SLZODE22;LANDESSPARKASSE ZU OLDENBURG
SMBCDEDD;SUMITOMO MITSUI BANKING CORPORATION
SMBCDEFF;SMBC BANK EU AG
SMHBDEFF;UBS EUROPE SE
SOBKDEBB;SOLARIS BANK AG
SOBKDEB2;SOLARIS BANK AG
SOGEDEFF;SOCIETE GENERALE S.A.
SOLADEP1FI7;LBBW Kommunikations-BIC
SOLADEP1SI1;BADEN-WUERTTEMBERGISCHE BANK         (UP) wegen EBICS
SOLADEST;LANDESBANK BADEN-WUERTTEMBERG
SOLADES1BAD;SPARKASSE BADEN-BADEN GAGGENAU
SOLADES1BAL;SPARKASSE ZOLLERNALB
SOLADES1BAT;KREISSPARKASSE BAUTZEN
SOLADES1BHL;SPARKASSE BUEHL
SOLADES1BND;SPARKASSE BONNDORF-STUEHLINGEN
SOLADES1DES;STADT- UND KREISSPARKASSE LEIPZIG
SOLADES1DLN;KREISSPARKASSE DOEBELN
SOLADES1DOE;SPARKASSE SCHWARZWALD-BAAR
SOLADES1ENG;SPARKASSE ENGEN-GOTTMADINGEN
SOLADES1ETT;SPARKASSE KARLSRUHE ETTLINGEN
SOLADES1FDS;KREISSPARKASSE FREUDENSTADT
SOLADES1GEB;SPARKASSE GENGENBACH
SOLADES1GRM;SPARKASSE MULDENTAL
SOLADES1HAL;SPARKASSE HASLACH-ZELL
SOLADES1HDB;SPARKASSE HEIDELBERG
SOLADES1HDH;KREISSPARKASSE HEIDENHEIM
SOLADES1HOC;SPARKASSE HEIDELBERG
SOLADES1HSW;SPARKASSE HOCHSCHWARZWALD
SOLADES1KEL;SPARKASSE HANAUERLAND
SOLADES1KNZ;SPARKASSE BODENSEE (FORMERLY SPARKASSE KONSTANZ)
SOLADES1KUN;SPARKASSE HOHENLOHEKREIS
SOLADES1LBG;KREISSPARKASSE LUDWIGSBURG
SOLADES1MEI;SPARKASSE MEISSEN
SOLADES1MGL;SPARKASSE MARKGRAEFLERLAND
SOLADES1MOS;SPARKASSE NECKARTAL-ODENWALD
SOLADES1OFG;SPARKASSE OFFENBURG/ORTENAU
SOLADES1PFD;SPARKASSE PFULLENDORF-MESSKIRCH
SOLADES1RAS;SPARKASSE RASTATT-GERNSBACH
SOLADES1REN;BEZIRKSSPARKASSE REICHENAU
SOLADES1REU;KREISSPARKASSE REUTLINGEN
SOLADES1RVB;KREISSPARKASSE RAVENSBURG
SOLADES1RWL;KREISSPARKASSE ROTTWEIL
SOLADES1SAL;SPARKASSE SALEM - HEILIGENBERG
SOLADES1SCH;SPARKASSE WIESENTAL
SOLADES1SFH;SPARKASSE WIESENTAL
SOLADES1SHA;SPARKASSE SCHWAEBISCH HALL-CRAILSHEIM
SOLADES1SIG;HOHENZOLLERISCHE LANDESBANK KREISSPARKASSE
SOLADES1SNG;SPARKASSE HEGAU-BODENSEE
SOLADES1STB;SPARKASSE ST. BLASIEN
SOLADES1STF;SPARKASSE STAUFEN-BREISACH
SOLADES1STO;SPARKASSE HEGAU-BODENSEE
SOLADES1SUW;SPARKASSE SUEDLICHE WEINSTRASSE IN LANDAU
SOLADES1TBB;SPARKASSE TAUBERFRANKEN
SOLADES1TUB;KREISSPARKASSE TUEBINGEN
SOLADES1TUT;KREISSPARKASSE TUTTLINGEN
SOLADES1ULM;SPARKASSE ULM
SOLADES1VSS;SPARKASSE SCHWARZWALD-BAAR
SOLADES1WBN;KREISSPARKASSE WAIBLINGEN
SOLADES1WOF;SPARKASSE WOLFACH
SOLSDE33;STADT-SPARKASSE SOLINGEN
SOPPDEFFXXX;OPPENHEIM,SAL.,JR. UND CIE
SOPPDE3K;SAL.OPPENHEIM JR.U.CIE.AG U.CO.KGAA
SPBIDE3B;SPARKASSE BIELEFELD
SPESDE3E;SPARKASSE ESSEN
SPKHDE2H;SPARKASSE HANNOVER
SPKRDE33;SPARKASSE KREFELD
SPMHDE3E;SPARKASSE MUELHEIM AN DER RUHR
SPSHDE31;STADTSPARKASSE SPROCKHOEVEL
SRRADEM1BBK;BANK J. SAFRA SARASIN (DEUTSCHLAND) AG
SSKMDEMM;STADTSPARKASSE MUENCHEN
SSKNDE77;SPARKASSE NUERNBERG
SUFGDE51;SUED-WEST-KREDITBANK FINANZIERUNG GMBH
SUSKDEM1;SUEDTIROLER SPARKASSE
SWBSDESS;SUEDWESTBANK AG
SXPYDEHH;SAXO PAYMENTS A/S
SYBKDE22;SYDBANK A/S
TCZBDEFF;ZIRAAT BANK INTERNATIONAL AG
TEAMDE71;TEAMBANK AG
TEKRDE71;TEBA KREDITBANK GMBH AND CO. KG
TOBADE33;TOYOTA KREDITBANK GMBH
TRDADEB1;TRADEGATE AG
TRISDE55;SPARKASSE TRIER
TRODDEF1;TRIODOS BANK N.V. DEUTSCHLAND
TRUFDE66;TRUMPF FINANCIAL SERVICES GMBH
TUBDDEDD;HSBC TRINKAUS UND BURKHARDT AG
TUBDDEHH;HSBC TRINKAUS UND BURKHARDT AG
TVBADEFF;VAKIFBANK INTERNATIONAL AG
UBSWDEFF;UBS DEUTSCHLAND AG
UGBIDEDD;GARANTIBANK INTERNATIONAL NV
ULMVDE66;VOLKSBANK ULM-BIBERACH EG
UMWEDE7N;UMWELTBANK AG
UNBNDE21;UNION - BANK AKTIENGESELLSCHAFT
VBANDEMM;V-BANK AG
VBGTDE3M;VOLKSBANK BIELEFELD-GUETERSLOH EG
VBMHDE5F;VOLKSBANK MITTELHESSEN EG
VBPFDE66;VOLKSBANK PFORZHEIM EG
VBRADE6K;VOLKSBANK BADEN-BADEN RASTATT EG
VBRSDE33;VOLKSBANK IM BERGISCHEN LAND EG
VBRTDE6R;VOLKSBANK REUTLINGEN EG
VGAGDEHH;VARENGOLD BANK AG
VOBADESS;VOLKSBANK STUTTGART EG
VOHADE2H;HANNOVERSCHE VOLKSBANK EG
VOLODE66;VOLKSBANK DREILAENDERECK EG
VONEDE33;BNP PARIBAS S.A. NDL. DEUTSCHLAND FORMER VON ESSEN BANK
VONTDEM1;BANK VONTOBEL EUROPE AG
VOWADE2B;VOLKSWAGEN BANK GMBH
VRBUDE51;VR BANK UNTERTAUNUS EG
VRDIDEFF;VR SMART FINANZ BANK GMBH
WBAGDEA1;WUESTENROT BANK AG PFANDBRIEFBANK
WBAGDE61;WUESTENROT BANK AG PFANDBRIEFBANK
WBWCDEHH;M.M. WARBURG U. CO KOMMANDITGESELLSCHAFT AUF AKTIEN
WEFZDED1;BANK 11 FUR PRIVATKUNDEN UND HANDEL GMBH
WEGBDE77;WEG BANK AG
WELADEDD;LANDESBANK HESSEN-THUERINGEN GIROZENTRALE, DUESSELDORF
WELADEDL;SPARKASSE LEVERKUSEN
WELADEDN;SPARKASSE NEUSS
WELADEDR;STADTSPARKASSE REMSCHEID
WELADED1ALK;SPARKASSE ATTENDORN LENNESTADT KIRCHHUNDEM
WELADED1ARN;SPARKASSE ARNSBERG - SUNDERN
WELADED1BEB;SPARKASSE WITTGENSTEIN
WELADED1BEK;SPARKASSE BECKUM - WADERSLOH
WELADED1BGK;SPARKASSE BERGKAMEN - BOENEN
WELADED1BLO;STADTSPARKASSE BLOMBERG
WELADED1BOC;SPARKASSE BOCHUM
WELADED1BOH;STADTSPARKASSE BOCHOLT
WELADED1BOT;STADTSPARKASSE BOTTROP
WELADED1BST;SPARKASSE HOCHSAUERLAND - BESTWIG
WELADED1BUB;SPARKASSE BURBACH - NEUNKIRCHEN
WELADED1CBN;SPARKASSE SPREE-NEISSE
WELADED1DEL;STADTSPARKASSE DELBRUECK
WELADED1DIN;NIEDERRHEINISCHE SPARKASSE RHEINLIPPE
WELADED1EES;SPARKASSE ELBE-ELSTER
WELADED1EMR;SPARKASSE RHEIN-MAAS
WELADED1EMS;VERBUNDSPARKASSE EMSDETTEN-OCHTRUP
WELADED1ENE;SPARKASSE ENNEPETAL - BRECKERFELD
WELADED1ERK;KREISSPARKASSE HEINSBERG
WELADED1ERW;SPK LIPPSTADT (FORMER: SPK ERWITTE-ANROECHTE)
WELADED1EUS;KREISSPARKASSE EUSKIRCHEN
WELADED1FGX;SPARKASSE MITTELSACHSEN
WELADED1FRE;STADTSPARKASSE FREUDENBERG
WELADED1FRN;SPARKASSE UNNAKAMEN
WELADED1FTR;SPARKASSE FINNENTROP
WELADED1GEK;STADTSPARKASSE GELSENKIRCHEN
WELADED1GES;SPARKASSE GESEKE
WELADED1GEV;SPARKASSE GEVELSBERG-WETTER
WELADED1GLA;STADTSPARKASSE GLADBECK
WELADED1GMB;SPARKASSE GUMMERSBACH (FORMERLY SPARKASSE GUMMERSBACH-BERGNEUSTADT
WELADED1GOC;VERBANDSSPARKASSE GOCH
WELADED1GRL;SPARKASSE OBERLAUSITZ-NIEDERSCHLESIEN
WELADED1GRO;SPARKASSE GRONAU
WELADED1GTL;SPARKASSE GUETERSLOH-RIETBERG
WELADED1GZE;SPARKASSE BARNIM
WELADED1HAA;STADTSPARKASSE HAAN
WELADED1HAM;SPARKASSE HAMM
WELADED1HAT;STADTSPARKASSE HALTERN
WELADED1HAW;KREISSPARKASSE HALLE
WELADED1HEM;SPK MAERKISCHES SAUERLAND
WELADED1HEN;SPARKASSE HENNEF
WELADED1HER;STADTSPARKASSE HERDECKE
WELADED1HGH;SPARKASSE DER STADT HEILIGENHAUS
WELADED1HIL;SPARKASSE SIEGEN
WELADED1HON;KREISSPARKASSE KOELN (FORMERLY SSK BAD HONNEF)
WELADED1HRN;HERNER SPARKASSE
WELADED1HSL;SPARKASSE HOCHSAUERLAND
WELADED1HTG;SPARKASSE HATTINGEN
WELADED1HXB;ZWECKVERBANDSSPARKASSE HOEXTER
WELADED1IBB;KREISSPARKASSE STEINFURT
WELADED1ISL;SPARKASSE DER STADT ISERLOHN
WELADED1KAM;STAEDTISCHE SPARKASSE KAMEN
WELADED1KLE;SPARKASSE RHEIN-MAAS
WELADED1KMZ;SPARKASSE KIERSPE-MEINERZHAGEN
WELADED1KSD;KREISSPARKASSE DUESSELDORF
WELADED1KST;STADTSPARKASSE KAARST - BUETTGEN
WELADED1LAF;STADTSPARKASSE LANGENFELD
WELADED1LEI;STADTSPARKASSE LEICHLINGEN
WELADED1LEM;SPARKASSE LEMGO
WELADED1LEN;STADTSPARKASSE LENGERICH
WELADED1LIP;SPARKASSE LIPPSTADT
WELADED1LOS;SPARKASSE ODER-SPREE
WELADED1LSD;SPARKASSE LUEDENSCHEID
WELADED1LUN;SPARKASSE AN DER LIPPE
WELADED1MEN;SPARKASSE MENDEN
WELADED1MES;SPARKASSE MESCHEDE
WELADED1MIN;SPARKASSE MINDEN-LUEBBECKE
WELADED1MOL;SPARKASSE MAERKISCH-ODERLAND
WELADED1MOR;SPARKASSE AM NIEDERRHEIN (FORMERLY SPARKASSE MOERS)
WELADED1MST;SPARKASSE MUENSTERLAND OST
WELADED1MTW;SPARKASSE MITTELSACHSEN
WELADED1NVL;SPARKASSE AM NIEDERRHEIN (FORMERLY SPARKASSE NEUKIRCHEN-VLUYN
WELADED1OBH;STADTSPARKASSE OBERHAUSEN
WELADED1OCH;STADTSPARKASSE OCHTRUP
WELADED1OEH;SPARKASSE BAD OEYNHAUSEN - PORTA WESTFALICA
WELADED1OPE;SPARKASSE OLPE - DROLSHAGEN - WENDEN
WELADED1OPR;SPARKASSE OSTPRIGNITZ-RUPPIN
WELADED1OSL;SPARKASSE NIEDERLAUSITZ
WELADED1PBN;SPARKASSE PADERBORN
WELADED1PLB;VEREINIGTE SPARKASSE IM MAERKISCHEN KREIS
WELADED1PLX;SPARKASSE VOGTLAND
WELADED1PMB;MITTELBRANDENBURGISCHE SPARKASSE
WELADED1PRP;SPARKASSE PRIGNITZ
WELADED1PWF;SPARKASSE BAD OEYNHAUSEN - PORTA WESTFALICA
WELADED1REK;SPARKASSE VEST RECKLINGHAUSEN
WELADED1RHB;SPARKASSE AM NIEDERRHEIN (FORMERLY SPARKASSE RHEINBERG)
WELADED1RHD;STADTSPARKASSE RAHDEN
WELADED1RHN;STADTSPARKASSE RHEINE
WELADED1RTG;SPARKASSE GUETERSLOH-RIETBERG
WELADED1RVW;SPARKASSE RADEVORMWALD-HUECKESWAGEN
WELADED1SGB;KREISSPARKASSE IN SIEGBURG
WELADED1SIE;SPARKASSE SIEGEN
WELADED1SLM;STADTSPARKASSE SCHWELM
WELADED1SMB;STADTSPARKASSE SCHMALLENBERG
WELADED1SOS;SPARKASSE SOEST
WELADED1STB;ERZGEBIRGSSPARKASSE
WELADED1STF;KREISSPARKASSE STEINFURT
WELADED1STL;SPARKASSE DER STADT STADTLOHN
WELADED1STR;SPARKASSE RHEIN-MAAS
WELADED1SWT;STADTSPARKASSE SCHWERTE
WELADED1TGU;KREISSPARKASSE TORGAU-OSCHATZ
WELADED1UMP;SPARKASSE UCKERMARK
WELADED1UMX;STADTSPARKASSE SCHWEDT
WELADED1UNN;SPARKASSE UNNAKAMEN
WELADED1VEL;SPARKASSE HILDEN-RATINGEN-VELBERT
WELADED1VSM;STADTSPARKASSE VERSMOLD
WELADED1WAR;ZWECKVERBANDSSPARKASSE WARSTEIN - RUETHEN
WELADED1WBB;WEBERBANK AG
WELADED1WDB;KREISSPARKASSE WIEDENBRUECK
WELADED1WES;NIEDERRHEINISCHE SPARKASSE RHEINLIPPE
WELADED1WET;SPARKASSE GEVELSBERG-WETTER - FORMERLY STADTSPARKASSE WETTER (RUHR)
WELADED1WIE;SPARKASSE GUMMERSBACH (FORMERLY SK DER HOMBURGISCHGEMEINDEN
WELADED1WMK;STADTSPARKASSE WERMELSKIRCHEN
WELADED1WML;SPARKASSE WESTMUENSTERLAND
WELADED1WRL;SPARKASSE WERL
WELADED1WRN;SPARKASSE AN DER LIPPE
WELADED1WTN;SPARKASSE WITTEN
WELADED1ZWI;SPARKASSE ZWICKAU
WELADE3D;LANDESBANK HESSEN-THUERINGEN GIROZENTRALE, DORTMUND
WELADE3H;SPARKASSE HAGEN
WELADE3L;SPARKASSE PADERBORN-DETMOLD
WELADE3M;LANDESBANK HESSEN-THUERINGEN GIROZENTRALE, MUENSTER
WELADE3S;KREISSPARKASSE STEINFURT
WELADE3W;SPARKASSE WESTMUENSTERLAND
WELADE8L;STADT-UND KREISSPARKASSE LEIPZIG
WERHDED1;BANKHAUS WERHAHN GMBH
WIBADE5W;WIESBADENER VOLKSBANK EG
WIREDEMM;WIRECARD BANK AG
WKVBDEM1;COMMERZ FINANZ GMBH
WLAHDE44;SPARKASSE HERFORD
WUPSDE33;STADTSPARKASSE WUPPERTAL
WWBADE3A;ABCBANK GMBH
WWBADE31;ABCBANK GMBH
